<Ui xmlns="http://www.blizzard.com/wow/ui/" xmlns:xsi="http://www.w3.org/2001/XMLSchema-instance" xsi:schemaLocation="http://www.blizzard.com/wow/ui/
..\FrameXML\UI.xsd">
    <Button name="SettingsColorSwatchTemplate" virtual="true">
        <Size>
            <AbsDimension x="16" y="16"/>
        </Size>
        <Layers>
            <Layer level="BACKGROUND">
                <Texture name="$parentBackground">
                    <Size>
                        <AbsDimension x="14" y="14"/>
                    </Size>
                    <Anchors>
                        <Anchor point="CENTER">
                            <Offset>
                                <AbsDimension x="0" y="0"/>
                            </Offset>
                        </Anchor>
                    </Anchors>
                    <Color r="1.0" g="1.0" b="1.0"/>
                </Texture>
            </Layer>
        </Layers>
        <Scripts>
            <OnClick>
                SettingsColorSwatch_OpenColorPicker(this);
            </OnClick>
            <OnEnter>
                getglobal(this:GetName().."Background"):SetVertexColor(NORMAL_FONT_COLOR.r, NORMAL_FONT_COLOR.g, NORMAL_FONT_COLOR.b);
            </OnEnter>
            <OnLeave>
                getglobal(this:GetName().."Background"):SetVertexColor(HIGHLIGHT_FONT_COLOR.r, HIGHLIGHT_FONT_COLOR.g, HIGHLIGHT_FONT_COLOR.b);
            </OnLeave>
        </Scripts>
        <NormalTexture name="$parentNormalTexture" file="Interface\ChatFrame\ChatFrameColorSwatch"/>
    </Button>
</Ui>