<Bindings>
	<Binding name="Assist MT1" header="oRA2">
		if oRAOMainTank then oRAOMainTank:BindingAssist(1) end
	</Binding>
	<Binding name="Assist MT2">
		if oRAOMainTank then oRAOMainTank:BindingAssist(2) end
	</Binding>
	<Binding name="Assist MT3">
		if oRAOMainTank then oRAOMainTank:BindingAssist(3) end
	</Binding>
	<Binding name="Assist MT4">
		if oRAOMainTank then oRAOMainTank:BindingAssist(4) end
	</Binding>
	<Binding name="Assist MT5">
		if oRAOMainTank then oRAOMainTank:BindingAssist(5) end
	</Binding>
	<Binding name="Assist MT6">
		if oRAOMainTank then oRAOMainTank:BindingAssist(6) end
	</Binding>
	<Binding name="Assist MT7">
		if oRAOMainTank then oRAOMainTank:BindingAssist(7) end
	</Binding>
	<Binding name="Assist MT8">
		if oRAOMainTank then oRAOMainTank:BindingAssist(8) end
	</Binding>
	<Binding name="Assist MT9">
		if oRAOMainTank then oRAOMainTank:BindingAssist(9) end
	</Binding>
	<Binding name="Assist MT10">
		if oRAOMainTank then oRAOMainTank:BindingAssist(10) end
	</Binding>

	<Binding name="Target MT1">
		if oRAOMainTank then oRAOMainTank:BindingTarget(1) end
	</Binding>
	<Binding name="Target MT2">
		if oRAOMainTank then oRAOMainTank:BindingTarget(2) end
	</Binding>
	<Binding name="Target MT3">
		if oRAOMainTank then oRAOMainTank:BindingTarget(3) end
	</Binding>
	<Binding name="Target MT4">
		if oRAOMainTank then oRAOMainTank:BindingTarget(4) end
	</Binding>
	<Binding name="Target MT5">
		if oRAOMainTank then oRAOMainTank:BindingTarget(5) end
	</Binding>
	<Binding name="Target MT6">
		if oRAOMainTank then oRAOMainTank:BindingTarget(6) end
	</Binding>
	<Binding name="Target MT7">
		if oRAOMainTank then oRAOMainTank:BindingTarget(7) end
	</Binding>
	<Binding name="Target MT8">
		if oRAOMainTank then oRAOMainTank:BindingTarget(8) end
	</Binding>
	<Binding name="Target MT9">
		if oRAOMainTank then oRAOMainTank:BindingTarget(9) end
	</Binding>
	<Binding name="Target MT10">
		if oRAOMainTank then oRAOMainTank:BindingTarget(10) end
	</Binding>

	<Binding name="Set MT1">
    if oRALMainTank then oRALMainTank:TooltipClick(1) end
  </Binding>
  <Binding name="Set MT2">
    if oRALMainTank then oRALMainTank:TooltipClick(2) end
  </Binding>
  <Binding name="Set MT3">
    if oRALMainTank then oRALMainTank:TooltipClick(3) end
  </Binding>
  <Binding name="Set MT4">
    if oRALMainTank then oRALMainTank:TooltipClick(4) end
  </Binding>
  <Binding name="Set MT5">
    if oRALMainTank then oRALMainTank:TooltipClick(5) end
  </Binding>
  <Binding name="Set MT6">
    if oRALMainTank then oRALMainTank:TooltipClick(6) end
  </Binding>
  <Binding name="Set MT7">
    if oRALMainTank then oRALMainTank:TooltipClick(7) end
  </Binding>
  <Binding name="Set MT8">
    if oRALMainTank then oRALMainTank:TooltipClick(8) end
  </Binding>
  <Binding name="Set MT9">
    if oRALMainTank then oRALMainTank:TooltipClick(9) end
  </Binding>
  <Binding name="Set MT10">
    if oRALMainTank then oRALMainTank:TooltipClick(10) end
  </Binding>

  <Binding name="Assist PT1">
    if oRAOPlayerTarget then oRAOPlayerTarget:BindingAssist(1) end
  </Binding>
  <Binding name="Assist PT2">
    if oRAOPlayerTarget then oRAOPlayerTarget:BindingAssist(2) end
  </Binding>
  <Binding name="Assist PT3">
    if oRAOPlayerTarget then oRAOPlayerTarget:BindingAssist(3) end
  </Binding>
  <Binding name="Assist PT4">
    if oRAOPlayerTarget then oRAOPlayerTarget:BindingAssist(4) end
  </Binding>
  <Binding name="Assist PT5">
    if oRAOPlayerTarget then oRAOPlayerTarget:BindingAssist(5) end
  </Binding>
  <Binding name="Assist PT6">
    if oRAOPlayerTarget then oRAOPlayerTarget:BindingAssist(6) end
  </Binding>
  <Binding name="Assist PT7">
    if oRAOPlayerTarget then oRAOPlayerTarget:BindingAssist(7) end
  </Binding>
  <Binding name="Assist PT8">
    if oRAOPlayerTarget then oRAOPlayerTarget:BindingAssist(8) end
  </Binding>
  <Binding name="Assist PT9">
    if oRAOPlayerTarget then oRAOPlayerTarget:BindingAssist(9) end
  </Binding>
  <Binding name="Assist PT10">
    if oRAOPlayerTarget then oRAOPlayerTarget:BindingAssist(10) end
  </Binding>

	<Binding name="Target PT1">
		if oRAOPlayerTarget then oRAOPlayerTarget:BindingTarget(1) end
	</Binding>
	<Binding name="Target PT2">
		if oRAOPlayerTarget then oRAOPlayerTarget:BindingTarget(2) end
	</Binding>
	<Binding name="Target PT3">
		if oRAOPlayerTarget then oRAOPlayerTarget:BindingTarget(3) end
	</Binding>
	<Binding name="Target PT4">
		if oRAOPlayerTarget then oRAOPlayerTarget:BindingTarget(4) end
	</Binding>
	<Binding name="Target PT5">
		if oRAOPlayerTarget then oRAOPlayerTarget:BindingTarget(5) end
	</Binding>
	<Binding name="Target PT6">
		if oRAOPlayerTarget then oRAOPlayerTarget:BindingTarget(6) end
	</Binding>
	<Binding name="Target PT7">
		if oRAOPlayerTarget then oRAOPlayerTarget:BindingTarget(7) end
	</Binding>
	<Binding name="Target PT8">
		if oRAOPlayerTarget then oRAOPlayerTarget:BindingTarget(8) end
	</Binding>
	<Binding name="Target PT9">
		if oRAOPlayerTarget then oRAOPlayerTarget:BindingTarget(9) end
	</Binding>
	<Binding name="Target PT10">
		if oRAOPlayerTarget then oRAOPlayerTarget:BindingTarget(10) end
	</Binding>


  <Binding name="Set PT1">
    if oRAOPlayerTarget then oRAOPlayerTarget:TooltipClick(1) end
  </Binding>
  <Binding name="Set PT2">
    if oRAOPlayerTarget then oRAOPlayerTarget:TooltipClick(2) end
  </Binding>
  <Binding name="Set PT3">
    if oRAOPlayerTarget then oRAOPlayerTarget:TooltipClick(3) end
  </Binding>
  <Binding name="Set PT4">
    if oRAOPlayerTarget then oRAOPlayerTarget:TooltipClick(4) end
  </Binding>
  <Binding name="Set PT5">
    if oRAOPlayerTarget then oRAOPlayerTarget:TooltipClick(5) end
  </Binding>
  <Binding name="Set PT6">
    if oRAOPlayerTarget then oRAOPlayerTarget:TooltipClick(6) end
  </Binding>
  <Binding name="Set PT7">
    if oRAOPlayerTarget then oRAOPlayerTarget:TooltipClick(7) end
  </Binding>
  <Binding name="Set PT8">
    if oRAOPlayerTarget then oRAOPlayerTarget:TooltipClick(8) end
  </Binding>
  <Binding name="Set PT9">
    if oRAOPlayerTarget then oRAOPlayerTarget:TooltipClick(9) end
  </Binding>
  <Binding name="Set PT10">
    if oRAOPlayerTarget then oRAOPlayerTarget:TooltipClick(10) end
  </Binding>

  <Binding name="Assign target to MT1">
    if oRALAssist then oRALAssist:AssignNumber("1") end
  </Binding>
  <Binding name="Assign target to MT2">
    if oRALAssist then oRALAssist:AssignNumber("2") end
  </Binding>
  <Binding name="Assign target to MT3">
    if oRALAssist then oRALAssist:AssignNumber("3") end
  </Binding>
  <Binding name="Assign target to MT4">
    if oRALAssist then oRALAssist:AssignNumber("4") end
  </Binding>
  <Binding name="Assign target to MT5">
    if oRALAssist then oRALAssist:AssignNumber("5") end
  </Binding>
  <Binding name="Assign target to MT6">
    if oRALAssist then oRALAssist:AssignNumber("6") end
  </Binding>
  <Binding name="Assign target to MT7">
    if oRALAssist then oRALAssist:AssignNumber("7") end
  </Binding>
  <Binding name="Assign target to MT8">
    if oRALAssist then oRALAssist:AssignNumber("8") end
  </Binding>
  <Binding name="Assign target to MT9">
    if oRALAssist then oRALAssist:AssignNumber("9") end
  </Binding>
  <Binding name="Assign target to MT10">
    if oRALAssist then oRALAssist:AssignNumber("10") end
  </Binding>
  <Binding name="Assign target to free MT">
    if oRALAssist then oRALAssist:AssignFree() end
  </Binding>

</Bindings>

