<Ui xmlns="http://www.blizzard.com/wow/ui" xmlns:xsi="http://www.w3.org/2001/XMLSchema-instance">
  <!--Autogenerated by wowuides, Version=1.0.300.0, Culture=neutral, PublicKeyToken=null-->
  <Frame name="InviteOMaticOptionForm" hidden="true" movable="true">
    <!--<FrameSkin skinid="dcb143e1-a4ab-4e7c-b934-1efa40101d21" frameid="2d508883-59c2-4f83-ae10-27aaad48391b" />-->
    <Size>
      <AbsDimension x="540" y="503" />
    </Size>
    <Anchors>
      <Anchor point="CENTER" relativeTo="UIParent">
        <Offset>
          <AbsDimension x="0" y="0" />
        </Offset>
      </Anchor>
    </Anchors>
    <Backdrop bgFile="Interface\DialogFrame\UI-DialogBox-Background" edgeFile="Interface\DialogFrame\UI-DialogBox-Border" tile="true">
      <BackgroundInsets>
        <AbsInset left="11" right="12" top="12" bottom="11" />
      </BackgroundInsets>
      <TileSize>
        <AbsValue val="32" />
      </TileSize>
      <EdgeSize>
        <AbsValue val="32" />
      </EdgeSize>
    </Backdrop>
    <Layers>
      <Layer>
        <Texture name="$parentTitleBorder" file="Interface\DialogFrame\UI-DialogBox-Header">
          <Size>
            <AbsDimension x="160" y="32" />
          </Size>
          <Anchors>
            <Anchor point="TOP">
              <Offset>
                <AbsDimension x="0" y="5" />
              </Offset>
            </Anchor>
          </Anchors>
          <TexCoords left="0.2" right="0.8" top="0" bottom="0.6" />
        </Texture>
        <FontString name="$parentTitleString" font="Fonts\FRIZQT__.TTF" text="Invite-O-Matic-Options">
          <Size>
            <AbsDimension x="140" y="0" />
          </Size>
          <Anchors>
            <Anchor point="TOP">
              <Offset>
                <AbsDimension x="0" y="-4" />
              </Offset>
            </Anchor>
          </Anchors>
          <FontHeight>
            <AbsValue val="12" />
          </FontHeight>
          <Color r="1" g="0.8196079" b="0" />
          <Shadow>
            <Color r="0" g="0" b="0" />
            <Offset>
              <AbsDimension x="1" y="-1" />
            </Offset>
          </Shadow>
        </FontString>
      </Layer>
    </Layers>
    <Frames>
      <Button name="$parentButton1" text="Cancel">
        <!--<FrameSkin skinid="dcb143e1-a4ab-4e7c-b934-1efa40101d21" frameid="2d508884-59c2-4f83-ae10-27aaad48391b" />-->
        <Size>
          <AbsDimension x="65" y="22" />
        </Size>
        <Anchors>
          <Anchor point="TOPLEFT">
            <Offset>
              <AbsDimension x="386" y="-465" />
            </Offset>
          </Anchor>
        </Anchors>
        <Scripts>
          <OnClick>InviteOMatic_CancelOptions()
</OnClick>
        </Scripts>
        <NormalTexture file="Interface\Buttons\UI-Panel-Button-Up">
          <TexCoords left="0" right="0.625" top="0" bottom="0.6875" />
        </NormalTexture>
        <PushedTexture file="Interface\Buttons\UI-Panel-Button-Down">
          <TexCoords left="0" right="0.625" top="0" bottom="0.6875" />
        </PushedTexture>
        <DisabledTexture file="Interface\Buttons\UI-Panel-Button-Disabled">
          <TexCoords left="0" right="0.625" top="0" bottom="0.6875" />
        </DisabledTexture>
        <HighlightTexture file="Interface\Buttons\UI-Panel-Button-Highlight" alphaMode="ADD">
          <TexCoords left="0" right="0.625" top="0" bottom="0.6875" />
        </HighlightTexture>
        <ButtonText name="$parentText">
          <FontHeight>
            <AbsValue val="10" />
          </FontHeight>
        </ButtonText>
        <NormalFont inherits="GameFontNormal" font="Fonts\FRIZQT__.TTF">
          <FontHeight>
            <AbsValue val="12" />
          </FontHeight>
          <Color r="1" g="0.8196079" b="0" />
          <Shadow>
            <Color r="0" g="0" b="0" />
            <Offset>
              <AbsDimension x="1" y="-1" />
            </Offset>
          </Shadow>
        </NormalFont>
        <HighlightFont inherits="GameFontHighlight" font="Fonts\FRIZQT__.TTF">
          <FontHeight>
            <AbsValue val="12" />
          </FontHeight>
          <Color r="1" g="1" b="1" />
          <Shadow>
            <Color r="0" g="0" b="0" />
            <Offset>
              <AbsDimension x="1" y="-1" />
            </Offset>
          </Shadow>
        </HighlightFont>
        <DisabledFont inherits="GameFontDisable" font="Fonts\FRIZQT__.TTF">
          <FontHeight>
            <AbsValue val="12" />
          </FontHeight>
          <Color r="0.4980392" g="0.4980392" b="0.4980392" />
          <Shadow>
            <Color r="0" g="0" b="0" />
            <Offset>
              <AbsDimension x="1" y="-1" />
            </Offset>
          </Shadow>
        </DisabledFont>
      </Button>
      <Frame name="$parentInvitePanel">
        <!--<FrameSkin skinid="dcb143e1-a4ab-4e7c-b934-1efa40101d21" frameid="2d508888-59c2-4f83-ae10-27aaad48391b" />-->
        <Size>
          <AbsDimension x="146" y="57" />
        </Size>
        <Anchors>
          <Anchor point="TOPLEFT">
            <Offset>
              <AbsDimension x="176" y="-31" />
            </Offset>
          </Anchor>
        </Anchors>
        <Backdrop bgFile="Interface\Tooltips\UI-Tooltip-Background" edgeFile="Interface\Tooltips\UI-Tooltip-Border" tile="true">
          <BackgroundInsets>
            <AbsInset left="5" right="5" top="5" bottom="5" />
          </BackgroundInsets>
          <TileSize>
            <AbsValue val="16" />
          </TileSize>
          <EdgeSize>
            <AbsValue val="16" />
          </EdgeSize>
        </Backdrop>
        <Frames>
          <Frame name="$parentInviteSliderLabel">
            <!--<FrameSkin skinid="dcb143e1-a4ab-4e7c-b934-1efa40101d21" frameid="2d508885-59c2-4f83-ae10-27aaad48391b" />-->
            <Size>
              <AbsDimension x="27" y="15" />
            </Size>
            <Anchors>
              <Anchor point="TOPLEFT">
                <Offset>
                  <AbsDimension x="54" y="-32" />
                </Offset>
              </Anchor>
            </Anchors>
            <Layers>
              <Layer>
                <FontString name="$parentLabel" font="Fonts\FRIZQT__.TTF" text="10">
                  <Anchors>
                    <Anchor point="TOPLEFT" />
                    <Anchor point="BOTTOMRIGHT" />
                  </Anchors>
                  <FontHeight>
                    <AbsValue val="12" />
                  </FontHeight>
                  <Color r="1" g="0.8196079" b="0" />
                  <Shadow>
                    <Color r="0" g="0" b="0" />
                    <Offset>
                      <AbsDimension x="1" y="-1" />
                    </Offset>
                  </Shadow>
                </FontString>
              </Layer>
            </Layers>
          </Frame>
          <Frame name="$parentInviteSlider">
            <!--<FrameSkin skinid="dcb143e1-a4ab-4e7c-b934-1efa40101d21" frameid="2d508889-59c2-4f83-ae10-27aaad48391b" />-->
            <Size>
              <AbsDimension x="128" y="41" />
            </Size>
            <Anchors>
              <Anchor point="TOPLEFT">
                <Offset>
                  <AbsDimension x="6" y="-6" />
                </Offset>
              </Anchor>
            </Anchors>
            <Frames>
              <Slider name="$parentSlider" enableMouse="true" minValue="1" maxValue="20" defaultValue="10" valueStep="1" orientation="HORIZONTAL">
                <Size>
                  <AbsDimension x="128" y="17" />
                </Size>
                <Anchors>
                  <Anchor point="LEFT" />
                  <Anchor point="RIGHT" />
                </Anchors>
                <Backdrop bgFile="Interface\Buttons\UI-SliderBar-Background" edgeFile="Interface\Buttons\UI-SliderBar-Border" tile="true">
                  <BackgroundInsets>
                    <AbsInset left="3" right="3" top="6" bottom="6" />
                  </BackgroundInsets>
                  <TileSize>
                    <AbsValue val="8" />
                  </TileSize>
                  <EdgeSize>
                    <AbsValue val="8" />
                  </EdgeSize>
                </Backdrop>
                <Layers>
                  <Layer>
                    <FontString name="$parentTitle" font="Fonts\FRIZQT__.TTF" text="Invite Cycle">
                      <Anchors>
                        <Anchor point="BOTTOM" relativePoint="TOP" />
                      </Anchors>
                      <FontHeight>
                        <AbsValue val="10" />
                      </FontHeight>
                      <Color r="1" g="0.8196079" b="0" />
                      <Shadow>
                        <Color r="0" g="0" b="0" />
                        <Offset>
                          <AbsDimension x="1" y="-1" />
                        </Offset>
                      </Shadow>
                    </FontString>
                    <FontString name="$parentLow" font="Fonts\FRIZQT__.TTF" text="Low">
                      <Anchors>
                        <Anchor point="TOPLEFT" relativePoint="BOTTOMLEFT" />
                      </Anchors>
                      <FontHeight>
                        <AbsValue val="10" />
                      </FontHeight>
                      <Color r="1" g="1" b="1" />
                      <Shadow>
                        <Color r="0" g="0" b="0" />
                        <Offset>
                          <AbsDimension x="1" y="-1" />
                        </Offset>
                      </Shadow>
                    </FontString>
                    <FontString name="$parentHigh" font="Fonts\FRIZQT__.TTF" text="High">
                      <Anchors>
                        <Anchor point="TOPRIGHT" relativePoint="BOTTOMRIGHT" />
                      </Anchors>
                      <FontHeight>
                        <AbsValue val="10" />
                      </FontHeight>
                      <Color r="1" g="1" b="1" />
                      <Shadow>
                        <Color r="0" g="0" b="0" />
                        <Offset>
                          <AbsDimension x="1" y="-1" />
                        </Offset>
                      </Shadow>
                    </FontString>
                  </Layer>
                </Layers>
                <Scripts>
                  <OnValueChanged>InviteOMatic_InviteSliderChanged()</OnValueChanged>
                </Scripts>
                <ThumbTexture name="$parentThumb" file="Interface\Buttons\UI-SliderBar-Button-Horizontal">
                  <Size>
                    <AbsDimension x="32" y="32" />
                  </Size>
                </ThumbTexture>
              </Slider>
            </Frames>
          </Frame>
        </Frames>
      </Frame>
      <Frame name="$parentWordPanel">
        <!--<FrameSkin skinid="dcb143e1-a4ab-4e7c-b934-1efa40101d21" frameid="2d508888-59c2-4f83-ae10-27aaad48391b" />-->
        <Size>
          <AbsDimension x="311" y="60" />
        </Size>
        <Anchors>
          <Anchor point="TOPLEFT">
            <Offset>
              <AbsDimension x="22" y="-155" />
            </Offset>
          </Anchor>
        </Anchors>
        <Backdrop bgFile="Interface\Tooltips\UI-Tooltip-Background" edgeFile="Interface\Tooltips\UI-Tooltip-Border" tile="true">
          <BackgroundInsets>
            <AbsInset left="5" right="5" top="5" bottom="5" />
          </BackgroundInsets>
          <TileSize>
            <AbsValue val="16" />
          </TileSize>
          <EdgeSize>
            <AbsValue val="16" />
          </EdgeSize>
        </Backdrop>
        <Frames>
          <Frame name="$parentLabel1">
            <!--<FrameSkin skinid="dcb143e1-a4ab-4e7c-b934-1efa40101d21" frameid="2d508885-59c2-4f83-ae10-27aaad48391b" />-->
            <Size>
              <AbsDimension x="75" y="18" />
            </Size>
            <Anchors>
              <Anchor point="TOPLEFT">
                <Offset>
                  <AbsDimension x="6" y="-6" />
                </Offset>
              </Anchor>
            </Anchors>
            <Layers>
              <Layer>
                <FontString name="$parentLabel" font="Fonts\FRIZQT__.TTF" text="Magic Word">
                  <Anchors>
                    <Anchor point="TOPLEFT" />
                    <Anchor point="BOTTOMRIGHT" />
                  </Anchors>
                  <FontHeight>
                    <AbsValue val="12" />
                  </FontHeight>
                  <Color r="1" g="0.8196079" b="0" />
                  <Shadow>
                    <Color r="0" g="0" b="0" />
                    <Offset>
                      <AbsDimension x="1" y="-1" />
                    </Offset>
                  </Shadow>
                </FontString>
              </Layer>
            </Layers>
          </Frame>
          <EditBox name="$parentWordEdit" enableMouse="true">
            <!--<FrameSkin skinid="dcb143e1-a4ab-4e7c-b934-1efa40101d21" frameid="2d508887-59c2-4f83-ae10-27aaad48391b" />-->
            <Size>
              <AbsDimension x="294" y="22" />
            </Size>
            <Anchors>
              <Anchor point="TOPLEFT">
                <Offset>
                  <AbsDimension x="6" y="-30" />
                </Offset>
              </Anchor>
            </Anchors>
            <Layers>
              <Layer level="BACKGROUND">
                <Texture name="$parentLeft" file="Interface\Common\Common-Input-Border">
                  <Size>
                    <AbsDimension x="8" y="20" />
                  </Size>
                  <Anchors>
                    <Anchor point="LEFT" />
                  </Anchors>
                  <TexCoords left="0" right="0.0625" top="0" bottom="0.625" />
                </Texture>
                <Texture name="$parentRight" file="Interface\Common\Common-Input-Border">
                  <Size>
                    <AbsDimension x="8" y="20" />
                  </Size>
                  <Anchors>
                    <Anchor point="RIGHT" />
                  </Anchors>
                  <TexCoords left="0.9375" right="1" top="0" bottom="0.625" />
                </Texture>
                <Texture name="$parentMiddle" file="Interface\Common\Common-Input-Border">
                  <Size>
                    <AbsDimension x="10" y="20" />
                  </Size>
                  <Anchors>
                    <Anchor point="LEFT" relativeTo="$parentLeft" relativePoint="RIGHT" />
                    <Anchor point="RIGHT" relativeTo="$parentRight" relativePoint="LEFT" />
                  </Anchors>
                  <TexCoords left="0.0625" right="0.9375" top="0" bottom="0.625" />
                </Texture>
              </Layer>
            </Layers>
            <FontString font="Fonts\ARIALN.TTF">
              <FontHeight>
                <AbsValue val="14" />
              </FontHeight>
              <Color r="1" g="1" b="1" />
              <Shadow>
                <Color r="0" g="0" b="0" />
                <Offset>
                  <AbsDimension x="1" y="-1" />
                </Offset>
              </Shadow>
            </FontString>
          </EditBox>
        </Frames>
      </Frame>
      <Frame name="$parentSpamPanel">
        <!--<FrameSkin skinid="dcb143e1-a4ab-4e7c-b934-1efa40101d21" frameid="2d508888-59c2-4f83-ae10-27aaad48391b" />-->
        <Size>
          <AbsDimension x="358" y="266" />
        </Size>
        <Anchors>
          <Anchor point="TOPLEFT">
            <Offset>
              <AbsDimension x="22" y="-221" />
            </Offset>
          </Anchor>
        </Anchors>
        <Backdrop bgFile="Interface\Tooltips\UI-Tooltip-Background" edgeFile="Interface\Tooltips\UI-Tooltip-Border" tile="true">
          <BackgroundInsets>
            <AbsInset left="5" right="5" top="5" bottom="5" />
          </BackgroundInsets>
          <TileSize>
            <AbsValue val="16" />
          </TileSize>
          <EdgeSize>
            <AbsValue val="16" />
          </EdgeSize>
        </Backdrop>
        <Frames>
          <CheckButton name="$parentInviteSpamCheck">
            <!--<FrameSkin skinid="dcb143e1-a4ab-4e7c-b934-1efa40101d21" frameid="2d508886-59c2-4f83-ae10-27aaad48391b"><Property name="Size">&lt;?xml version="1.0"?&gt;
&lt;Size xmlns:xsi="http://www.w3.org/2001/XMLSchema-instance" xmlns:xsd="http://www.w3.org/2001/XMLSchema"&gt;
  &lt;Width&gt;100&lt;/Width&gt;
  &lt;Height&gt;32&lt;/Height&gt;
&lt;/Size&gt;</Property></FrameSkin>-->
            <Size>
              <AbsDimension x="32" y="32" />
            </Size>
            <Anchors>
              <Anchor point="TOPLEFT">
                <Offset>
                  <AbsDimension x="6" y="-133" />
                </Offset>
              </Anchor>
            </Anchors>
            <Layers>
              <Layer>
                <FontString name="$parentText" font="Fonts\FRIZQT__.TTF" text="Invite Spam">
                  <Anchors>
                    <Anchor point="LEFT" relativePoint="RIGHT">
                      <Offset>
                        <AbsDimension x="-2" y="0" />
                      </Offset>
                    </Anchor>
                  </Anchors>
                  <FontHeight>
                    <AbsValue val="10" />
                  </FontHeight>
                  <Color r="1" g="0.8196079" b="0" />
                  <Shadow>
                    <Color r="0" g="0" b="0" />
                    <Offset>
                      <AbsDimension x="1" y="-1" />
                    </Offset>
                  </Shadow>
                </FontString>
              </Layer>
            </Layers>
            <NormalTexture file="Interface\Buttons\UI-CheckBox-Up" />
            <PushedTexture file="Interface\Buttons\UI-CheckBox-Down" />
            <HighlightTexture file="Interface\Buttons\UI-CheckBox-Highlight" alphaMode="ADD" />
            <CheckedTexture file="Interface\Buttons\UI-CheckBox-Check" />
            <DisabledCheckedTexture file="Interface\Buttons\UI-CheckBox-Check-Disabled" />
          </CheckButton>
          <CheckButton name="$parentAIGSpamCheck">
            <!--<FrameSkin skinid="dcb143e1-a4ab-4e7c-b934-1efa40101d21" frameid="2d508886-59c2-4f83-ae10-27aaad48391b"><Property name="Size">&lt;?xml version="1.0"?&gt;
&lt;Size xmlns:xsi="http://www.w3.org/2001/XMLSchema-instance" xmlns:xsd="http://www.w3.org/2001/XMLSchema"&gt;
  &lt;Width&gt;154&lt;/Width&gt;
  &lt;Height&gt;32&lt;/Height&gt;
&lt;/Size&gt;</Property></FrameSkin>-->
            <Size>
              <AbsDimension x="32" y="32" />
            </Size>
            <Anchors>
              <Anchor point="TOPLEFT">
                <Offset>
                  <AbsDimension x="6" y="-6" />
                </Offset>
              </Anchor>
            </Anchors>
            <Layers>
              <Layer>
                <FontString name="$parentText" font="Fonts\FRIZQT__.TTF" text="Already In Group Spam">
                  <Anchors>
                    <Anchor point="LEFT" relativePoint="RIGHT">
                      <Offset>
                        <AbsDimension x="-2" y="0" />
                      </Offset>
                    </Anchor>
                  </Anchors>
                  <FontHeight>
                    <AbsValue val="10" />
                  </FontHeight>
                  <Color r="1" g="0.8196079" b="0" />
                  <Shadow>
                    <Color r="0" g="0" b="0" />
                    <Offset>
                      <AbsDimension x="1" y="-1" />
                    </Offset>
                  </Shadow>
                </FontString>
              </Layer>
            </Layers>
            <NormalTexture file="Interface\Buttons\UI-CheckBox-Up" />
            <PushedTexture file="Interface\Buttons\UI-CheckBox-Down" />
            <HighlightTexture file="Interface\Buttons\UI-CheckBox-Highlight" alphaMode="ADD" />
            <CheckedTexture file="Interface\Buttons\UI-CheckBox-Check" />
            <DisabledCheckedTexture file="Interface\Buttons\UI-CheckBox-Check-Disabled" />
          </CheckButton>
          <ScrollFrame name="$parentAIGSpamEdit">
            <!--<FrameSkin skinid="dcb143e1-a4ab-4e7c-b934-1efa40101d21" frameid="7f06b3a2-fe45-40e8-9284-4754c6a3c9fb" />-->
            <Size>
              <AbsDimension x="322" y="83" />
            </Size>
            <Anchors>
              <Anchor point="TOPLEFT">
                <Offset>
                  <AbsDimension x="6" y="-171" />
                </Offset>
              </Anchor>
            </Anchors>
            <Frames>
              <Slider name="$parentScrollBar">
                <Size>
                  <AbsDimension x="16" y="0" />
                </Size>
                <Anchors>
                  <Anchor point="TOPLEFT" relativePoint="TOPRIGHT">
                    <Offset>
                      <AbsDimension x="6" y="-16" />
                    </Offset>
                  </Anchor>
                  <Anchor point="BOTTOMLEFT" relativePoint="BOTTOMRIGHT">
                    <Offset>
                      <AbsDimension x="6" y="16" />
                    </Offset>
                  </Anchor>
                </Anchors>
                <Frames>
                  <Button name="$parentScrollUpButton">
                    <Size>
                      <AbsDimension x="16" y="16" />
                    </Size>
                    <Anchors>
                      <Anchor point="BOTTOM" relativePoint="TOP" />
                    </Anchors>
                    <Scripts>
                      <OnClick>
						local parent = this:GetParent();
						parent:SetValue(parent:GetValue() - (parent:GetHeight() / 2));
						PlaySound("UChatScrollButton");
					</OnClick>
                    </Scripts>
                    <NormalTexture file="Interface\Buttons\UI-ScrollBar-ScrollUpButton-Up">
                      <TexCoords left="0.25" right="0.75" top="0.25" bottom="0.75" />
                    </NormalTexture>
                    <PushedTexture file="Interface\Buttons\UI-ScrollBar-ScrollUpButton-Down">
                      <TexCoords left="0.25" right="0.75" top="0.25" bottom="0.75" />
                    </PushedTexture>
                    <DisabledTexture file="Interface\Buttons\UI-ScrollBar-ScrollUpButton-Disabled">
                      <TexCoords left="0.25" right="0.75" top="0.25" bottom="0.75" />
                    </DisabledTexture>
                    <HighlightTexture file="Interface\Buttons\UI-ScrollBar-ScrollUpButton-Highlight" alphaMode="ADD">
                      <TexCoords left="0.25" right="0.75" top="0.25" bottom="0.75" />
                    </HighlightTexture>
                  </Button>
                  <Button name="$parentScrollDownButton">
                    <Size>
                      <AbsDimension x="16" y="16" />
                    </Size>
                    <Anchors>
                      <Anchor point="TOP" relativePoint="BOTTOM" />
                    </Anchors>
                    <Scripts>
                      <OnClick>
						local parent = this:GetParent();
						parent:SetValue(parent:GetValue() + (parent:GetHeight() / 2));
						PlaySound("UChatScrollButton");
					</OnClick>
                    </Scripts>
                    <NormalTexture file="Interface\Buttons\UI-ScrollBar-ScrollDownButton-Up">
                      <TexCoords left="0.25" right="0.75" top="0.25" bottom="0.75" />
                    </NormalTexture>
                    <PushedTexture file="Interface\Buttons\UI-ScrollBar-ScrollDownButton-Down">
                      <TexCoords left="0.25" right="0.75" top="0.25" bottom="0.75" />
                    </PushedTexture>
                    <DisabledTexture file="Interface\Buttons\UI-ScrollBar-ScrollDownButton-Disabled">
                      <TexCoords left="0.25" right="0.75" top="0.25" bottom="0.75" />
                    </DisabledTexture>
                    <HighlightTexture file="Interface\Buttons\UI-ScrollBar-ScrollDownButton-Highlight" alphaMode="ADD">
                      <TexCoords left="0.25" right="0.75" top="0.25" bottom="0.75" />
                    </HighlightTexture>
                  </Button>
                </Frames>
                <Scripts>
                  <OnValueChanged>
				this:GetParent():SetVerticalScroll(arg1);
			</OnValueChanged>
                </Scripts>
                <ThumbTexture name="$parentThumbTexture" file="Interface\Buttons\UI-ScrollBar-Knob">
                  <Size>
                    <AbsDimension x="16" y="16" />
                  </Size>
                  <TexCoords left="0.25" right="0.75" top="0.25" bottom="0.75" />
                </ThumbTexture>
              </Slider>
            </Frames>
            <Scripts>
              <OnLoad>ScrollFrame_OnLoad();
</OnLoad>
              <OnMouseWheel>ScrollFrameTemplate_OnMouseWheel(arg1);
</OnMouseWheel>
              <OnVerticalScroll>local scrollbar = getglobal(this:GetName().."ScrollBar");
scrollbar:SetValue(arg1);
local min;
local max;
min, max = scrollbar:GetMinMaxValues();
if ( arg1 == 0 ) then
getglobal(scrollbar:GetName().."ScrollUpButton"):Disable();
else
getglobal(scrollbar:GetName().."ScrollUpButton"):Enable();
end
if ((scrollbar:GetValue() - max) == 0) then
getglobal(scrollbar:GetName().."ScrollDownButton"):Disable();
else
getglobal(scrollbar:GetName().."ScrollDownButton"):Enable();
end
</OnVerticalScroll>
              <OnScrollRangeChanged>ScrollFrame_OnScrollRangeChanged(arg2);
</OnScrollRangeChanged>
            </Scripts>
            <ScrollChild>
              <EditBox name="$parentEdit" enableMouse="true" multiLine="true">
                <Size>
                  <AbsDimension x="322" y="83" />
                </Size>
                <Scripts>
                  <OnUpdate>
						ScrollingEdit_OnUpdate(null);
					</OnUpdate>
                  <OnTextChanged>
						ScrollingEdit_OnTextChanged(null);
					</OnTextChanged>
                  <OnCursorChanged>
						ScrollingEdit_OnCursorChanged(arg1,arg2,arg3,arg4);
					</OnCursorChanged>
                </Scripts>
                <FontString font="Fonts\ARIALN.TTF">
                  <FontHeight>
                    <AbsValue val="14" />
                  </FontHeight>
                  <Color r="1" g="1" b="1" />
                  <Shadow>
                    <Color r="0" g="0" b="0" />
                    <Offset>
                      <AbsDimension x="1" y="-1" />
                    </Offset>
                  </Shadow>
                </FontString>
              </EditBox>
            </ScrollChild>
          </ScrollFrame>
          <ScrollFrame name="$parentInviteSpamEdit">
            <!--<FrameSkin skinid="dcb143e1-a4ab-4e7c-b934-1efa40101d21" frameid="7f06b3a2-fe45-40e8-9284-4754c6a3c9fb" />-->
            <Size>
              <AbsDimension x="322" y="83" />
            </Size>
            <Anchors>
              <Anchor point="TOPLEFT">
                <Offset>
                  <AbsDimension x="6" y="-44" />
                </Offset>
              </Anchor>
            </Anchors>
            <Frames>
              <Slider name="$parentScrollBar">
                <Size>
                  <AbsDimension x="16" y="0" />
                </Size>
                <Anchors>
                  <Anchor point="TOPLEFT" relativePoint="TOPRIGHT">
                    <Offset>
                      <AbsDimension x="6" y="-16" />
                    </Offset>
                  </Anchor>
                  <Anchor point="BOTTOMLEFT" relativePoint="BOTTOMRIGHT">
                    <Offset>
                      <AbsDimension x="6" y="16" />
                    </Offset>
                  </Anchor>
                </Anchors>
                <Frames>
                  <Button name="$parentScrollUpButton">
                    <Size>
                      <AbsDimension x="16" y="16" />
                    </Size>
                    <Anchors>
                      <Anchor point="BOTTOM" relativePoint="TOP" />
                    </Anchors>
                    <Scripts>
                      <OnClick>
						local parent = this:GetParent();
						parent:SetValue(parent:GetValue() - (parent:GetHeight() / 2));
						PlaySound("UChatScrollButton");
					</OnClick>
                    </Scripts>
                    <NormalTexture file="Interface\Buttons\UI-ScrollBar-ScrollUpButton-Up">
                      <TexCoords left="0.25" right="0.75" top="0.25" bottom="0.75" />
                    </NormalTexture>
                    <PushedTexture file="Interface\Buttons\UI-ScrollBar-ScrollUpButton-Down">
                      <TexCoords left="0.25" right="0.75" top="0.25" bottom="0.75" />
                    </PushedTexture>
                    <DisabledTexture file="Interface\Buttons\UI-ScrollBar-ScrollUpButton-Disabled">
                      <TexCoords left="0.25" right="0.75" top="0.25" bottom="0.75" />
                    </DisabledTexture>
                    <HighlightTexture file="Interface\Buttons\UI-ScrollBar-ScrollUpButton-Highlight" alphaMode="ADD">
                      <TexCoords left="0.25" right="0.75" top="0.25" bottom="0.75" />
                    </HighlightTexture>
                  </Button>
                  <Button name="$parentScrollDownButton">
                    <Size>
                      <AbsDimension x="16" y="16" />
                    </Size>
                    <Anchors>
                      <Anchor point="TOP" relativePoint="BOTTOM" />
                    </Anchors>
                    <Scripts>
                      <OnClick>
						local parent = this:GetParent();
						parent:SetValue(parent:GetValue() + (parent:GetHeight() / 2));
						PlaySound("UChatScrollButton");
					</OnClick>
                    </Scripts>
                    <NormalTexture file="Interface\Buttons\UI-ScrollBar-ScrollDownButton-Up">
                      <TexCoords left="0.25" right="0.75" top="0.25" bottom="0.75" />
                    </NormalTexture>
                    <PushedTexture file="Interface\Buttons\UI-ScrollBar-ScrollDownButton-Down">
                      <TexCoords left="0.25" right="0.75" top="0.25" bottom="0.75" />
                    </PushedTexture>
                    <DisabledTexture file="Interface\Buttons\UI-ScrollBar-ScrollDownButton-Disabled">
                      <TexCoords left="0.25" right="0.75" top="0.25" bottom="0.75" />
                    </DisabledTexture>
                    <HighlightTexture file="Interface\Buttons\UI-ScrollBar-ScrollDownButton-Highlight" alphaMode="ADD">
                      <TexCoords left="0.25" right="0.75" top="0.25" bottom="0.75" />
                    </HighlightTexture>
                  </Button>
                </Frames>
                <Scripts>
                  <OnValueChanged>
				this:GetParent():SetVerticalScroll(arg1);
			</OnValueChanged>
                </Scripts>
                <ThumbTexture name="$parentThumbTexture" file="Interface\Buttons\UI-ScrollBar-Knob">
                  <Size>
                    <AbsDimension x="16" y="16" />
                  </Size>
                  <TexCoords left="0.25" right="0.75" top="0.25" bottom="0.75" />
                </ThumbTexture>
              </Slider>
            </Frames>
            <Scripts>
              <OnLoad>ScrollFrame_OnLoad();
</OnLoad>
              <OnMouseWheel>ScrollFrameTemplate_OnMouseWheel(arg1);
</OnMouseWheel>
              <OnVerticalScroll>local scrollbar = getglobal(this:GetName().."ScrollBar");
scrollbar:SetValue(arg1);
local min;
local max;
min, max = scrollbar:GetMinMaxValues();
if ( arg1 == 0 ) then
getglobal(scrollbar:GetName().."ScrollUpButton"):Disable();
else
getglobal(scrollbar:GetName().."ScrollUpButton"):Enable();
end
if ((scrollbar:GetValue() - max) == 0) then
getglobal(scrollbar:GetName().."ScrollDownButton"):Disable();
else
getglobal(scrollbar:GetName().."ScrollDownButton"):Enable();
end
</OnVerticalScroll>
              <OnScrollRangeChanged>ScrollFrame_OnScrollRangeChanged(arg2);
</OnScrollRangeChanged>
            </Scripts>
            <ScrollChild>
              <EditBox name="$parentEdit" enableMouse="true" multiLine="true">
                <Size>
                  <AbsDimension x="322" y="83" />
                </Size>
                <Scripts>
                  <OnUpdate>
						ScrollingEdit_OnUpdate(null);
					</OnUpdate>
                  <OnTextChanged>
						ScrollingEdit_OnTextChanged(null);
					</OnTextChanged>
                  <OnCursorChanged>
						ScrollingEdit_OnCursorChanged(arg1,arg2,arg3,arg4);
					</OnCursorChanged>
                </Scripts>
                <FontString font="Fonts\ARIALN.TTF">
                  <FontHeight>
                    <AbsValue val="14" />
                  </FontHeight>
                  <Color r="1" g="1" b="1" />
                  <Shadow>
                    <Color r="0" g="0" b="0" />
                    <Offset>
                      <AbsDimension x="1" y="-1" />
                    </Offset>
                  </Shadow>
                </FontString>
              </EditBox>
            </ScrollChild>
          </ScrollFrame>
        </Frames>
      </Frame>
      <Button name="$parentDoneButton" text="Save">
        <!--<FrameSkin skinid="dcb143e1-a4ab-4e7c-b934-1efa40101d21" frameid="2d508884-59c2-4f83-ae10-27aaad48391b" />-->
        <Size>
          <AbsDimension x="65" y="22" />
        </Size>
        <Anchors>
          <Anchor point="TOPLEFT">
            <Offset>
              <AbsDimension x="457" y="-465" />
            </Offset>
          </Anchor>
        </Anchors>
        <Scripts>
          <OnClick>InviteOMatic_SaveOptions()
</OnClick>
        </Scripts>
        <NormalTexture file="Interface\Buttons\UI-Panel-Button-Up">
          <TexCoords left="0" right="0.625" top="0" bottom="0.6875" />
        </NormalTexture>
        <PushedTexture file="Interface\Buttons\UI-Panel-Button-Down">
          <TexCoords left="0" right="0.625" top="0" bottom="0.6875" />
        </PushedTexture>
        <DisabledTexture file="Interface\Buttons\UI-Panel-Button-Disabled">
          <TexCoords left="0" right="0.625" top="0" bottom="0.6875" />
        </DisabledTexture>
        <HighlightTexture file="Interface\Buttons\UI-Panel-Button-Highlight" alphaMode="ADD">
          <TexCoords left="0" right="0.625" top="0" bottom="0.6875" />
        </HighlightTexture>
        <ButtonText name="$parentText">
          <FontHeight>
            <AbsValue val="10" />
          </FontHeight>
        </ButtonText>
        <NormalFont inherits="GameFontNormal" font="Fonts\FRIZQT__.TTF">
          <FontHeight>
            <AbsValue val="12" />
          </FontHeight>
          <Color r="1" g="0.8196079" b="0" />
          <Shadow>
            <Color r="0" g="0" b="0" />
            <Offset>
              <AbsDimension x="1" y="-1" />
            </Offset>
          </Shadow>
        </NormalFont>
        <HighlightFont inherits="GameFontHighlight" font="Fonts\FRIZQT__.TTF">
          <FontHeight>
            <AbsValue val="12" />
          </FontHeight>
          <Color r="1" g="1" b="1" />
          <Shadow>
            <Color r="0" g="0" b="0" />
            <Offset>
              <AbsDimension x="1" y="-1" />
            </Offset>
          </Shadow>
        </HighlightFont>
        <DisabledFont inherits="GameFontDisable" font="Fonts\FRIZQT__.TTF">
          <FontHeight>
            <AbsValue val="12" />
          </FontHeight>
          <Color r="0.4980392" g="0.4980392" b="0.4980392" />
          <Shadow>
            <Color r="0" g="0" b="0" />
            <Offset>
              <AbsDimension x="1" y="-1" />
            </Offset>
          </Shadow>
        </DisabledFont>
      </Button>
      <Frame name="$parentSliderPanel">
        <!--<FrameSkin skinid="dcb143e1-a4ab-4e7c-b934-1efa40101d21" frameid="2d508888-59c2-4f83-ae10-27aaad48391b" />-->
        <Size>
          <AbsDimension x="146" y="145" />
        </Size>
        <Anchors>
          <Anchor point="TOPLEFT">
            <Offset>
              <AbsDimension x="372" y="-34" />
            </Offset>
          </Anchor>
        </Anchors>
        <Backdrop bgFile="Interface\Tooltips\UI-Tooltip-Background" edgeFile="Interface\Tooltips\UI-Tooltip-Border" tile="true">
          <BackgroundInsets>
            <AbsInset left="5" right="5" top="5" bottom="5" />
          </BackgroundInsets>
          <TileSize>
            <AbsValue val="16" />
          </TileSize>
          <EdgeSize>
            <AbsValue val="16" />
          </EdgeSize>
        </Backdrop>
        <Frames>
          <Frame name="$parentIgnoreSliderLabel">
            <!--<FrameSkin skinid="dcb143e1-a4ab-4e7c-b934-1efa40101d21" frameid="2d508885-59c2-4f83-ae10-27aaad48391b" />-->
            <Size>
              <AbsDimension x="27" y="15" />
            </Size>
            <Anchors>
              <Anchor point="TOPLEFT">
                <Offset>
                  <AbsDimension x="54" y="-126" />
                </Offset>
              </Anchor>
            </Anchors>
            <Layers>
              <Layer>
                <FontString name="$parentLabel" font="Fonts\FRIZQT__.TTF" text="10">
                  <Anchors>
                    <Anchor point="TOPLEFT" />
                    <Anchor point="BOTTOMRIGHT" />
                  </Anchors>
                  <FontHeight>
                    <AbsValue val="12" />
                  </FontHeight>
                  <Color r="1" g="0.8196079" b="0" />
                  <Shadow>
                    <Color r="0" g="0" b="0" />
                    <Offset>
                      <AbsDimension x="1" y="-1" />
                    </Offset>
                  </Shadow>
                </FontString>
              </Layer>
            </Layers>
          </Frame>
          <Frame name="$parentDeclineSliderLabel">
            <!--<FrameSkin skinid="dcb143e1-a4ab-4e7c-b934-1efa40101d21" frameid="2d508885-59c2-4f83-ae10-27aaad48391b" />-->
            <Size>
              <AbsDimension x="27" y="15" />
            </Size>
            <Anchors>
              <Anchor point="TOPLEFT">
                <Offset>
                  <AbsDimension x="54" y="-79" />
                </Offset>
              </Anchor>
            </Anchors>
            <Layers>
              <Layer>
                <FontString name="$parentLabel" font="Fonts\FRIZQT__.TTF" text="10">
                  <Anchors>
                    <Anchor point="TOPLEFT" />
                    <Anchor point="BOTTOMRIGHT" />
                  </Anchors>
                  <FontHeight>
                    <AbsValue val="12" />
                  </FontHeight>
                  <Color r="1" g="0.8196079" b="0" />
                  <Shadow>
                    <Color r="0" g="0" b="0" />
                    <Offset>
                      <AbsDimension x="1" y="-1" />
                    </Offset>
                  </Shadow>
                </FontString>
              </Layer>
            </Layers>
          </Frame>
          <Frame name="$parentAIGSliderLabel">
            <!--<FrameSkin skinid="dcb143e1-a4ab-4e7c-b934-1efa40101d21" frameid="2d508885-59c2-4f83-ae10-27aaad48391b" />-->
            <Size>
              <AbsDimension x="27" y="15" />
            </Size>
            <Anchors>
              <Anchor point="TOPLEFT">
                <Offset>
                  <AbsDimension x="54" y="-32" />
                </Offset>
              </Anchor>
            </Anchors>
            <Layers>
              <Layer>
                <FontString name="$parentLabel" font="Fonts\FRIZQT__.TTF" text="10">
                  <Anchors>
                    <Anchor point="TOPLEFT" />
                    <Anchor point="BOTTOMRIGHT" />
                  </Anchors>
                  <FontHeight>
                    <AbsValue val="12" />
                  </FontHeight>
                  <Color r="1" g="0.8196079" b="0" />
                  <Shadow>
                    <Color r="0" g="0" b="0" />
                    <Offset>
                      <AbsDimension x="1" y="-1" />
                    </Offset>
                  </Shadow>
                </FontString>
              </Layer>
            </Layers>
          </Frame>
          <Frame name="$parentAIGSlider">
            <!--<FrameSkin skinid="dcb143e1-a4ab-4e7c-b934-1efa40101d21" frameid="2d508889-59c2-4f83-ae10-27aaad48391b" />-->
            <Size>
              <AbsDimension x="128" y="41" />
            </Size>
            <Anchors>
              <Anchor point="TOPLEFT">
                <Offset>
                  <AbsDimension x="6" y="-6" />
                </Offset>
              </Anchor>
            </Anchors>
            <Frames>
              <Slider name="$parentSlider" enableMouse="true" minValue="0" maxValue="20" defaultValue="10" valueStep="1" orientation="HORIZONTAL">
                <Size>
                  <AbsDimension x="128" y="17" />
                </Size>
                <Anchors>
                  <Anchor point="LEFT" />
                  <Anchor point="RIGHT" />
                </Anchors>
                <Backdrop bgFile="Interface\Buttons\UI-SliderBar-Background" edgeFile="Interface\Buttons\UI-SliderBar-Border" tile="true">
                  <BackgroundInsets>
                    <AbsInset left="3" right="3" top="6" bottom="6" />
                  </BackgroundInsets>
                  <TileSize>
                    <AbsValue val="8" />
                  </TileSize>
                  <EdgeSize>
                    <AbsValue val="8" />
                  </EdgeSize>
                </Backdrop>
                <Layers>
                  <Layer>
                    <FontString name="$parentTitle" font="Fonts\FRIZQT__.TTF" text="AlreadyInGroup Retry">
                      <Anchors>
                        <Anchor point="BOTTOM" relativePoint="TOP" />
                      </Anchors>
                      <FontHeight>
                        <AbsValue val="10" />
                      </FontHeight>
                      <Color r="1" g="0.8196079" b="0" />
                      <Shadow>
                        <Color r="0" g="0" b="0" />
                        <Offset>
                          <AbsDimension x="1" y="-1" />
                        </Offset>
                      </Shadow>
                    </FontString>
                    <FontString name="$parentLow" font="Fonts\FRIZQT__.TTF" text="Low">
                      <Anchors>
                        <Anchor point="TOPLEFT" relativePoint="BOTTOMLEFT" />
                      </Anchors>
                      <FontHeight>
                        <AbsValue val="10" />
                      </FontHeight>
                      <Color r="1" g="1" b="1" />
                      <Shadow>
                        <Color r="0" g="0" b="0" />
                        <Offset>
                          <AbsDimension x="1" y="-1" />
                        </Offset>
                      </Shadow>
                    </FontString>
                    <FontString name="$parentHigh" font="Fonts\FRIZQT__.TTF" text="High">
                      <Anchors>
                        <Anchor point="TOPRIGHT" relativePoint="BOTTOMRIGHT" />
                      </Anchors>
                      <FontHeight>
                        <AbsValue val="10" />
                      </FontHeight>
                      <Color r="1" g="1" b="1" />
                      <Shadow>
                        <Color r="0" g="0" b="0" />
                        <Offset>
                          <AbsDimension x="1" y="-1" />
                        </Offset>
                      </Shadow>
                    </FontString>
                  </Layer>
                </Layers>
                <Scripts>
                  <OnValueChanged>InviteOMatic_AIGSliderChanged()
</OnValueChanged>
                </Scripts>
                <ThumbTexture name="$parentThumb" file="Interface\Buttons\UI-SliderBar-Button-Horizontal">
                  <Size>
                    <AbsDimension x="32" y="32" />
                  </Size>
                </ThumbTexture>
              </Slider>
            </Frames>
            <Scripts>
              <OnValueChanged>
</OnValueChanged>
            </Scripts>
          </Frame>
          <Frame name="$parentDeclineSlider">
            <!--<FrameSkin skinid="dcb143e1-a4ab-4e7c-b934-1efa40101d21" frameid="2d508889-59c2-4f83-ae10-27aaad48391b" />-->
            <Size>
              <AbsDimension x="128" y="41" />
            </Size>
            <Anchors>
              <Anchor point="TOPLEFT">
                <Offset>
                  <AbsDimension x="6" y="-53" />
                </Offset>
              </Anchor>
            </Anchors>
            <Frames>
              <Slider name="$parentSlider" enableMouse="true" minValue="0" maxValue="20" defaultValue="1" valueStep="1" orientation="HORIZONTAL">
                <Size>
                  <AbsDimension x="128" y="17" />
                </Size>
                <Anchors>
                  <Anchor point="LEFT" />
                  <Anchor point="RIGHT" />
                </Anchors>
                <Backdrop bgFile="Interface\Buttons\UI-SliderBar-Background" edgeFile="Interface\Buttons\UI-SliderBar-Border" tile="true">
                  <BackgroundInsets>
                    <AbsInset left="3" right="3" top="6" bottom="6" />
                  </BackgroundInsets>
                  <TileSize>
                    <AbsValue val="8" />
                  </TileSize>
                  <EdgeSize>
                    <AbsValue val="8" />
                  </EdgeSize>
                </Backdrop>
                <Layers>
                  <Layer>
                    <FontString name="$parentTitle" font="Fonts\FRIZQT__.TTF" text="Decline Retry">
                      <Anchors>
                        <Anchor point="BOTTOM" relativePoint="TOP" />
                      </Anchors>
                      <FontHeight>
                        <AbsValue val="10" />
                      </FontHeight>
                      <Color r="1" g="0.8196079" b="0" />
                      <Shadow>
                        <Color r="0" g="0" b="0" />
                        <Offset>
                          <AbsDimension x="1" y="-1" />
                        </Offset>
                      </Shadow>
                    </FontString>
                    <FontString name="$parentLow" font="Fonts\FRIZQT__.TTF" text="Low">
                      <Anchors>
                        <Anchor point="TOPLEFT" relativePoint="BOTTOMLEFT" />
                      </Anchors>
                      <FontHeight>
                        <AbsValue val="10" />
                      </FontHeight>
                      <Color r="1" g="1" b="1" />
                      <Shadow>
                        <Color r="0" g="0" b="0" />
                        <Offset>
                          <AbsDimension x="1" y="-1" />
                        </Offset>
                      </Shadow>
                    </FontString>
                    <FontString name="$parentHigh" font="Fonts\FRIZQT__.TTF" text="High">
                      <Anchors>
                        <Anchor point="TOPRIGHT" relativePoint="BOTTOMRIGHT" />
                      </Anchors>
                      <FontHeight>
                        <AbsValue val="10" />
                      </FontHeight>
                      <Color r="1" g="1" b="1" />
                      <Shadow>
                        <Color r="0" g="0" b="0" />
                        <Offset>
                          <AbsDimension x="1" y="-1" />
                        </Offset>
                      </Shadow>
                    </FontString>
                  </Layer>
                </Layers>
                <Scripts>
                  <OnValueChanged>InviteOMatic_DeclineSliderChanged()
</OnValueChanged>
                </Scripts>
                <ThumbTexture name="$parentThumb" file="Interface\Buttons\UI-SliderBar-Button-Horizontal">
                  <Size>
                    <AbsDimension x="32" y="32" />
                  </Size>
                </ThumbTexture>
              </Slider>
            </Frames>
          </Frame>
          <Frame name="$parentIgnoreSlider">
            <!--<FrameSkin skinid="dcb143e1-a4ab-4e7c-b934-1efa40101d21" frameid="2d508889-59c2-4f83-ae10-27aaad48391b" />-->
            <Size>
              <AbsDimension x="128" y="41" />
            </Size>
            <Anchors>
              <Anchor point="TOPLEFT">
                <Offset>
                  <AbsDimension x="6" y="-100" />
                </Offset>
              </Anchor>
            </Anchors>
            <Frames>
              <Slider name="$parentSlider" enableMouse="true" minValue="0" maxValue="20" defaultValue="1" valueStep="1" orientation="HORIZONTAL">
                <Size>
                  <AbsDimension x="128" y="17" />
                </Size>
                <Anchors>
                  <Anchor point="LEFT" />
                  <Anchor point="RIGHT" />
                </Anchors>
                <Backdrop bgFile="Interface\Buttons\UI-SliderBar-Background" edgeFile="Interface\Buttons\UI-SliderBar-Border" tile="true">
                  <BackgroundInsets>
                    <AbsInset left="3" right="3" top="6" bottom="6" />
                  </BackgroundInsets>
                  <TileSize>
                    <AbsValue val="8" />
                  </TileSize>
                  <EdgeSize>
                    <AbsValue val="8" />
                  </EdgeSize>
                </Backdrop>
                <Layers>
                  <Layer>
                    <FontString name="$parentTitle" font="Fonts\FRIZQT__.TTF" text="Ignore Retry">
                      <Anchors>
                        <Anchor point="BOTTOM" relativePoint="TOP" />
                      </Anchors>
                      <FontHeight>
                        <AbsValue val="10" />
                      </FontHeight>
                      <Color r="1" g="0.8196079" b="0" />
                      <Shadow>
                        <Color r="0" g="0" b="0" />
                        <Offset>
                          <AbsDimension x="1" y="-1" />
                        </Offset>
                      </Shadow>
                    </FontString>
                    <FontString name="$parentLow" font="Fonts\FRIZQT__.TTF" text="Low">
                      <Anchors>
                        <Anchor point="TOPLEFT" relativePoint="BOTTOMLEFT" />
                      </Anchors>
                      <FontHeight>
                        <AbsValue val="10" />
                      </FontHeight>
                      <Color r="1" g="1" b="1" />
                      <Shadow>
                        <Color r="0" g="0" b="0" />
                        <Offset>
                          <AbsDimension x="1" y="-1" />
                        </Offset>
                      </Shadow>
                    </FontString>
                    <FontString name="$parentHigh" font="Fonts\FRIZQT__.TTF" text="High">
                      <Anchors>
                        <Anchor point="TOPRIGHT" relativePoint="BOTTOMRIGHT" />
                      </Anchors>
                      <FontHeight>
                        <AbsValue val="10" />
                      </FontHeight>
                      <Color r="1" g="1" b="1" />
                      <Shadow>
                        <Color r="0" g="0" b="0" />
                        <Offset>
                          <AbsDimension x="1" y="-1" />
                        </Offset>
                      </Shadow>
                    </FontString>
                  </Layer>
                </Layers>
                <Scripts>
                  <OnValueChanged>InviteOMatic_IgnoreSliderChanged()
</OnValueChanged>
                </Scripts>
                <ThumbTexture name="$parentThumb" file="Interface\Buttons\UI-SliderBar-Button-Horizontal">
                  <Size>
                    <AbsDimension x="32" y="32" />
                  </Size>
                </ThumbTexture>
              </Slider>
            </Frames>
          </Frame>
        </Frames>
      </Frame>
      <Frame name="$parentListPanel">
        <!--<FrameSkin skinid="dcb143e1-a4ab-4e7c-b934-1efa40101d21" frameid="2d508888-59c2-4f83-ae10-27aaad48391b" />-->
        <Size>
          <AbsDimension x="122" y="90" />
        </Size>
        <Anchors>
          <Anchor point="TOPLEFT">
            <Offset>
              <AbsDimension x="396" y="-221" />
            </Offset>
          </Anchor>
        </Anchors>
        <Backdrop bgFile="Interface\Tooltips\UI-Tooltip-Background" edgeFile="Interface\Tooltips\UI-Tooltip-Border" tile="true">
          <BackgroundInsets>
            <AbsInset left="5" right="5" top="5" bottom="5" />
          </BackgroundInsets>
          <TileSize>
            <AbsValue val="16" />
          </TileSize>
          <EdgeSize>
            <AbsValue val="16" />
          </EdgeSize>
        </Backdrop>
        <Frames>
          <Button name="$parentAIGButton" text="Clear AIG List">
            <!--<FrameSkin skinid="dcb143e1-a4ab-4e7c-b934-1efa40101d21" frameid="2d508884-59c2-4f83-ae10-27aaad48391b" />-->
            <Size>
              <AbsDimension x="111" y="22" />
            </Size>
            <Anchors>
              <Anchor point="TOPLEFT">
                <Offset>
                  <AbsDimension x="5" y="-5" />
                </Offset>
              </Anchor>
            </Anchors>
            <Scripts>
              <OnClick>InviteOMatic_ResetAIG()</OnClick>
            </Scripts>
            <NormalTexture file="Interface\Buttons\UI-Panel-Button-Up">
              <TexCoords left="0" right="0.625" top="0" bottom="0.6875" />
            </NormalTexture>
            <PushedTexture file="Interface\Buttons\UI-Panel-Button-Down">
              <TexCoords left="0" right="0.625" top="0" bottom="0.6875" />
            </PushedTexture>
            <DisabledTexture file="Interface\Buttons\UI-Panel-Button-Disabled">
              <TexCoords left="0" right="0.625" top="0" bottom="0.6875" />
            </DisabledTexture>
            <HighlightTexture file="Interface\Buttons\UI-Panel-Button-Highlight" alphaMode="ADD">
              <TexCoords left="0" right="0.625" top="0" bottom="0.6875" />
            </HighlightTexture>
            <ButtonText name="$parentText">
              <FontHeight>
                <AbsValue val="10" />
              </FontHeight>
            </ButtonText>
            <NormalFont inherits="GameFontNormal" font="Fonts\FRIZQT__.TTF">
              <FontHeight>
                <AbsValue val="12" />
              </FontHeight>
              <Color r="1" g="0.8196079" b="0" />
              <Shadow>
                <Color r="0" g="0" b="0" />
                <Offset>
                  <AbsDimension x="1" y="-1" />
                </Offset>
              </Shadow>
            </NormalFont>
            <HighlightFont inherits="GameFontHighlight" font="Fonts\FRIZQT__.TTF">
              <FontHeight>
                <AbsValue val="12" />
              </FontHeight>
              <Color r="1" g="1" b="1" />
              <Shadow>
                <Color r="0" g="0" b="0" />
                <Offset>
                  <AbsDimension x="1" y="-1" />
                </Offset>
              </Shadow>
            </HighlightFont>
            <DisabledFont inherits="GameFontDisable" font="Fonts\FRIZQT__.TTF">
              <FontHeight>
                <AbsValue val="12" />
              </FontHeight>
              <Color r="0.4980392" g="0.4980392" b="0.4980392" />
              <Shadow>
                <Color r="0" g="0" b="0" />
                <Offset>
                  <AbsDimension x="1" y="-1" />
                </Offset>
              </Shadow>
            </DisabledFont>
          </Button>
          <Button name="$parentDeclineButton" text="Clear Decline List">
            <!--<FrameSkin skinid="dcb143e1-a4ab-4e7c-b934-1efa40101d21" frameid="2d508884-59c2-4f83-ae10-27aaad48391b" />-->
            <Size>
              <AbsDimension x="111" y="22" />
            </Size>
            <Anchors>
              <Anchor point="TOPLEFT">
                <Offset>
                  <AbsDimension x="5" y="-33" />
                </Offset>
              </Anchor>
            </Anchors>
            <Scripts>
              <OnClick>InviteOMatic_ResetDecline()</OnClick>
            </Scripts>
            <NormalTexture file="Interface\Buttons\UI-Panel-Button-Up">
              <TexCoords left="0" right="0.625" top="0" bottom="0.6875" />
            </NormalTexture>
            <PushedTexture file="Interface\Buttons\UI-Panel-Button-Down">
              <TexCoords left="0" right="0.625" top="0" bottom="0.6875" />
            </PushedTexture>
            <DisabledTexture file="Interface\Buttons\UI-Panel-Button-Disabled">
              <TexCoords left="0" right="0.625" top="0" bottom="0.6875" />
            </DisabledTexture>
            <HighlightTexture file="Interface\Buttons\UI-Panel-Button-Highlight" alphaMode="ADD">
              <TexCoords left="0" right="0.625" top="0" bottom="0.6875" />
            </HighlightTexture>
            <ButtonText name="$parentText">
              <FontHeight>
                <AbsValue val="10" />
              </FontHeight>
            </ButtonText>
            <NormalFont inherits="GameFontNormal" font="Fonts\FRIZQT__.TTF">
              <FontHeight>
                <AbsValue val="12" />
              </FontHeight>
              <Color r="1" g="0.8196079" b="0" />
              <Shadow>
                <Color r="0" g="0" b="0" />
                <Offset>
                  <AbsDimension x="1" y="-1" />
                </Offset>
              </Shadow>
            </NormalFont>
            <HighlightFont inherits="GameFontHighlight" font="Fonts\FRIZQT__.TTF">
              <FontHeight>
                <AbsValue val="12" />
              </FontHeight>
              <Color r="1" g="1" b="1" />
              <Shadow>
                <Color r="0" g="0" b="0" />
                <Offset>
                  <AbsDimension x="1" y="-1" />
                </Offset>
              </Shadow>
            </HighlightFont>
            <DisabledFont inherits="GameFontDisable" font="Fonts\FRIZQT__.TTF">
              <FontHeight>
                <AbsValue val="12" />
              </FontHeight>
              <Color r="0.4980392" g="0.4980392" b="0.4980392" />
              <Shadow>
                <Color r="0" g="0" b="0" />
                <Offset>
                  <AbsDimension x="1" y="-1" />
                </Offset>
              </Shadow>
            </DisabledFont>
          </Button>
          <Button name="$parentIgnoreButton" text="Clear Ignore List">
            <!--<FrameSkin skinid="dcb143e1-a4ab-4e7c-b934-1efa40101d21" frameid="2d508884-59c2-4f83-ae10-27aaad48391b" />-->
            <Size>
              <AbsDimension x="111" y="22" />
            </Size>
            <Anchors>
              <Anchor point="TOPLEFT">
                <Offset>
                  <AbsDimension x="5" y="-61" />
                </Offset>
              </Anchor>
            </Anchors>
            <Scripts>
              <OnClick>InviteOMatic_ResetIgnore()</OnClick>
            </Scripts>
            <NormalTexture file="Interface\Buttons\UI-Panel-Button-Up">
              <TexCoords left="0" right="0.625" top="0" bottom="0.6875" />
            </NormalTexture>
            <PushedTexture file="Interface\Buttons\UI-Panel-Button-Down">
              <TexCoords left="0" right="0.625" top="0" bottom="0.6875" />
            </PushedTexture>
            <DisabledTexture file="Interface\Buttons\UI-Panel-Button-Disabled">
              <TexCoords left="0" right="0.625" top="0" bottom="0.6875" />
            </DisabledTexture>
            <HighlightTexture file="Interface\Buttons\UI-Panel-Button-Highlight" alphaMode="ADD">
              <TexCoords left="0" right="0.625" top="0" bottom="0.6875" />
            </HighlightTexture>
            <ButtonText name="$parentText">
              <FontHeight>
                <AbsValue val="10" />
              </FontHeight>
            </ButtonText>
            <NormalFont inherits="GameFontNormal" font="Fonts\FRIZQT__.TTF">
              <FontHeight>
                <AbsValue val="12" />
              </FontHeight>
              <Color r="1" g="0.8196079" b="0" />
              <Shadow>
                <Color r="0" g="0" b="0" />
                <Offset>
                  <AbsDimension x="1" y="-1" />
                </Offset>
              </Shadow>
            </NormalFont>
            <HighlightFont inherits="GameFontHighlight" font="Fonts\FRIZQT__.TTF">
              <FontHeight>
                <AbsValue val="12" />
              </FontHeight>
              <Color r="1" g="1" b="1" />
              <Shadow>
                <Color r="0" g="0" b="0" />
                <Offset>
                  <AbsDimension x="1" y="-1" />
                </Offset>
              </Shadow>
            </HighlightFont>
            <DisabledFont inherits="GameFontDisable" font="Fonts\FRIZQT__.TTF">
              <FontHeight>
                <AbsValue val="12" />
              </FontHeight>
              <Color r="0.4980392" g="0.4980392" b="0.4980392" />
              <Shadow>
                <Color r="0" g="0" b="0" />
                <Offset>
                  <AbsDimension x="1" y="-1" />
                </Offset>
              </Shadow>
            </DisabledFont>
          </Button>
        </Frames>
      </Frame>
      <Frame name="$parentCheckPanel">
        <!--<FrameSkin skinid="dcb143e1-a4ab-4e7c-b934-1efa40101d21" frameid="2d508888-59c2-4f83-ae10-27aaad48391b" />-->
        <Size>
          <AbsDimension x="112" y="118" />
        </Size>
        <Anchors>
          <Anchor point="TOPLEFT">
            <Offset>
              <AbsDimension x="22" y="-31" />
            </Offset>
          </Anchor>
        </Anchors>
        <Backdrop bgFile="Interface\Tooltips\UI-Tooltip-Background" edgeFile="Interface\Tooltips\UI-Tooltip-Border" tile="true">
          <BackgroundInsets>
            <AbsInset left="5" right="5" top="5" bottom="5" />
          </BackgroundInsets>
          <TileSize>
            <AbsValue val="16" />
          </TileSize>
          <EdgeSize>
            <AbsValue val="16" />
          </EdgeSize>
        </Backdrop>
        <Frames>
          <CheckButton name="$parentPurgeCheck">
            <!--<FrameSkin skinid="dcb143e1-a4ab-4e7c-b934-1efa40101d21" frameid="2d508886-59c2-4f83-ae10-27aaad48391b"><Property name="Size">&lt;?xml version="1.0"?&gt;
&lt;Size xmlns:xsi="http://www.w3.org/2001/XMLSchema-instance" xmlns:xsd="http://www.w3.org/2001/XMLSchema"&gt;
  &lt;Width&gt;100&lt;/Width&gt;
  &lt;Height&gt;32&lt;/Height&gt;
&lt;/Size&gt;</Property></FrameSkin>-->
            <Size>
              <AbsDimension x="32" y="32" />
            </Size>
            <Anchors>
              <Anchor point="TOPLEFT">
                <Offset>
                  <AbsDimension x="3" y="-41" />
                </Offset>
              </Anchor>
            </Anchors>
            <Layers>
              <Layer>
                <FontString name="$parentText" font="Fonts\FRIZQT__.TTF" text="Auto Purge">
                  <Anchors>
                    <Anchor point="LEFT" relativePoint="RIGHT">
                      <Offset>
                        <AbsDimension x="-2" y="0" />
                      </Offset>
                    </Anchor>
                  </Anchors>
                  <FontHeight>
                    <AbsValue val="10" />
                  </FontHeight>
                  <Color r="1" g="0.8196079" b="0" />
                  <Shadow>
                    <Color r="0" g="0" b="0" />
                    <Offset>
                      <AbsDimension x="1" y="-1" />
                    </Offset>
                  </Shadow>
                </FontString>
              </Layer>
            </Layers>
            <NormalTexture file="Interface\Buttons\UI-CheckBox-Up" />
            <PushedTexture file="Interface\Buttons\UI-CheckBox-Down" />
            <HighlightTexture file="Interface\Buttons\UI-CheckBox-Highlight" alphaMode="ADD" />
            <CheckedTexture file="Interface\Buttons\UI-CheckBox-Check" />
            <DisabledCheckedTexture file="Interface\Buttons\UI-CheckBox-Check-Disabled" />
          </CheckButton>
          <CheckButton name="$parentInviteCheck">
            <!--<FrameSkin skinid="dcb143e1-a4ab-4e7c-b934-1efa40101d21" frameid="2d508886-59c2-4f83-ae10-27aaad48391b"><Property name="Size">&lt;?xml version="1.0"?&gt;
&lt;Size xmlns:xsi="http://www.w3.org/2001/XMLSchema-instance" xmlns:xsd="http://www.w3.org/2001/XMLSchema"&gt;
  &lt;Width&gt;100&lt;/Width&gt;
  &lt;Height&gt;32&lt;/Height&gt;
&lt;/Size&gt;</Property></FrameSkin>-->
            <Size>
              <AbsDimension x="32" y="32" />
            </Size>
            <Anchors>
              <Anchor point="TOPLEFT">
                <Offset>
                  <AbsDimension x="3" y="-3" />
                </Offset>
              </Anchor>
            </Anchors>
            <Layers>
              <Layer>
                <FontString name="$parentText" font="Fonts\FRIZQT__.TTF" text="Auto Invite">
                  <Anchors>
                    <Anchor point="LEFT" relativePoint="RIGHT">
                      <Offset>
                        <AbsDimension x="-2" y="0" />
                      </Offset>
                    </Anchor>
                  </Anchors>
                  <FontHeight>
                    <AbsValue val="10" />
                  </FontHeight>
                  <Color r="1" g="0.8196079" b="0" />
                  <Shadow>
                    <Color r="0" g="0" b="0" />
                    <Offset>
                      <AbsDimension x="1" y="-1" />
                    </Offset>
                  </Shadow>
                </FontString>
              </Layer>
            </Layers>
            <NormalTexture file="Interface\Buttons\UI-CheckBox-Up" />
            <PushedTexture file="Interface\Buttons\UI-CheckBox-Down" />
            <HighlightTexture file="Interface\Buttons\UI-CheckBox-Highlight" alphaMode="ADD" />
            <CheckedTexture file="Interface\Buttons\UI-CheckBox-Check" />
            <DisabledCheckedTexture file="Interface\Buttons\UI-CheckBox-Check-Disabled" />
          </CheckButton>
          <CheckButton name="$parentWhisperCheck">
            <!--<FrameSkin skinid="dcb143e1-a4ab-4e7c-b934-1efa40101d21" frameid="2d508886-59c2-4f83-ae10-27aaad48391b"><Property name="Size">&lt;?xml version="1.0"?&gt;
&lt;Size xmlns:xsi="http://www.w3.org/2001/XMLSchema-instance" xmlns:xsd="http://www.w3.org/2001/XMLSchema"&gt;
  &lt;Width&gt;100&lt;/Width&gt;
  &lt;Height&gt;32&lt;/Height&gt;
&lt;/Size&gt;</Property></FrameSkin>-->
            <Size>
              <AbsDimension x="32" y="32" />
            </Size>
            <Anchors>
              <Anchor point="TOPLEFT">
                <Offset>
                  <AbsDimension x="3" y="-79" />
                </Offset>
              </Anchor>
            </Anchors>
            <Layers>
              <Layer>
                <FontString name="$parentText" font="Fonts\FRIZQT__.TTF" text="WhisperInvite">
                  <Anchors>
                    <Anchor point="LEFT" relativePoint="RIGHT">
                      <Offset>
                        <AbsDimension x="-2" y="0" />
                      </Offset>
                    </Anchor>
                  </Anchors>
                  <FontHeight>
                    <AbsValue val="10" />
                  </FontHeight>
                  <Color r="1" g="0.8196079" b="0" />
                  <Shadow>
                    <Color r="0" g="0" b="0" />
                    <Offset>
                      <AbsDimension x="1" y="-1" />
                    </Offset>
                  </Shadow>
                </FontString>
              </Layer>
            </Layers>
            <NormalTexture file="Interface\Buttons\UI-CheckBox-Up" />
            <PushedTexture file="Interface\Buttons\UI-CheckBox-Down" />
            <HighlightTexture file="Interface\Buttons\UI-CheckBox-Highlight" alphaMode="ADD" />
            <CheckedTexture file="Interface\Buttons\UI-CheckBox-Check" />
            <DisabledCheckedTexture file="Interface\Buttons\UI-CheckBox-Check-Disabled" />
          </CheckButton>
        </Frames>
      </Frame>
    </Frames>
    <Scripts>
      <OnMouseDown>InviteOMatic_OptionDragStart()
</OnMouseDown>
      <OnMouseUp>InviteOMatic_OptionDragStop()
</OnMouseUp>
    </Scripts>
  </Frame>
</Ui>