<Ui xmlns="http://www.blizzard.com/wow/ui/"
xmlns:xsi="http://www.w3.org/2001/XMLSchema-instance"
xsi:schemaLocation="http://www.blizzard.com/wow/ui/ ..\FrameXML\UI.xsd">
<!--
	Version: 3.9.0.1063 (Kangaroo)
	Revision: $Id: Auctioneer.xml 1011 2006-09-27 08:00:17Z vindicator $

	License:
		This program is free software; you can redistribute it and/or
		modify it under the terms of the GNU General Public License
		as published by the Free Software Foundation; either version 2
		of the License, or (at your option) any later version.

		This program is distributed in the hope that it will be useful,
		but WITHOUT ANY WARRANTY; without even the implied warranty of
		MERCHANTABILITY or FITNESS FOR A PARTICULAR PURPOSE.  See the
		GNU General Public License for more details.

		You should have received a copy of the GNU General Public License
		along with this program(see GPL.txt); if not, write to the Free Software
		Foundation, Inc., 51 Franklin Street, Fifth Floor, Boston, MA  02110-1301, USA.
-->

	<!-- %todo: delete this frame -->
	<Frame name="Auctioneer2Frame" hidden="false">
		<Scripts>
			<OnUpdate>
				AucQueryManager_OnUpdate();
				AucScanManager_OnUpdate();
				AucBidScanner_OnUpdate();
			</OnUpdate>
		</Scripts>
	</Frame>


	<Frame name="AuctioneerFrame" parent="UIParent" hidden="true">
		<Scripts>
			<OnLoad>
				Auctioneer.OnLoad();
				this:RegisterEvent("ADDON_LOADED")
			</OnLoad>
			<OnEvent>
				if (event == "ADDON_LOADED" and string.lower(arg1) == "auctioneer") then
					Auctioneer.Core.AddonLoaded()
					this:UnregisterEvent("ADDON_LOADED")
				end
			</OnEvent>
		</Scripts>
	</Frame>
</Ui>

