<Bindings>
  <Binding name="Slot 1" description="Use Slot1" header="GEARMENU">
    gm.gui.UseInventoryItem(1)
  </Binding>
  <Binding name="Slot 2" description="Use Slot2">
    gm.gui.UseInventoryItem(2)
  </Binding>
  <Binding name="Slot 3" description="Use Slot3">
    gm.gui.UseInventoryItem(3)
  </Binding>
  <Binding name="Slot 4" description="Use Slot4">
    gm.gui.UseInventoryItem(4)
  </Binding>
  <Binding name="Slot 5" description="Use Slot5">
    gm.gui.UseInventoryItem(5)
  </Binding>
  <Binding name="Slot 6" description="Use Slot6">
    gm.gui.UseInventoryItem(6)
  </Binding>
  <Binding name="Slot 7" description="Use Slot7">
    gm.gui.UseInventoryItem(7)
  </Binding>
  <Binding name="Slot 8" description="Use Slot8">
    gm.gui.UseInventoryItem(8)
  </Binding>
  <Binding name="Slot 9" description="Use Slot9">
    gm.gui.UseInventoryItem(9)
  </Binding>
  <Binding name="Slot 10" description="Use Slot10">
    gm.gui.UseInventoryItem(10)
  </Binding>
</Bindings>
