<Ui xmlns="http://www.blizzard.com/wow/ui/"
	xmlns:xsi="http://www.w3.org/2001/XMLSchema-instance"
	xsi:schemaLocation="http://www.blizzard.com/wow/ui/FrameXML/UI.xsd">

	<Script file="AceGUIScrollEditBox.lua"/>

	<Frame name="AceGUIScrollEditBoxTemplate" inherits="AceGUIOptionsBoxTemplate" virtual="true"
		   enableMouse="true">
		<Frames>
			<ScrollFrame name="$parentScrollBox" inherits="AceGUIScrollFrameTemplate">
				<Anchors>
					<Anchor point="TOPLEFT">
						<Offset>
							<AbsDimension x="5" y="-5"/>
						</Offset>
					</Anchor>
				</Anchors>
				<ScrollChild>
					<EditBox name="$parentEditBox" inherits="AceGUIEditBoxTemplate" multiLine="true">
						<Scripts>
							<OnChar>
								this.parentUnit:CallHandler("OnChar")
							</OnChar>
							<OnTextChanged>
								this.parentUnit:CallHandler("OnTextChanged")
							</OnTextChanged>
						</Scripts>
					</EditBox>
				</ScrollChild>
			</ScrollFrame>
		</Frames>
		<Scripts>
			<OnMouseUp>
				this.ScrollBox.EditBox:CallHandler("OnMouseUp")
			</OnMouseUp>
		</Scripts>
	</Frame>
</Ui>