<Ui>
<Script file="LieExp.lua"/>

<Frame name="LieExp" parent="UIParent" movable="true" enableMouse="true" frameStrata="HIGH">
    <Anchors>
        <Anchor point="BOTTOMLEFT" relativePoint="BOTTOMLEFT"/>
    </Anchors>
    <Frames>
        <StatusBar name="LieExp_EXPSTATUSBAR" inherits="TextStatusBar" frameStrata="LOW">
            <Anchors>
                <Anchor point="BOTTOMLEFT" relativeTo="LieExp" relativePoint="BOTTOMLEFT"/>
            </Anchors>
            <BarTexture file="Interface\Addons\LieExp\Textures\Square_Smooth.tga"/>
            <Layers>
                <Layer level="OVERLAY">
                    <FontString name="LieExp_EXPSTATUSTEXT" inherits="QuestFontNormalSmall"/>
                </Layer>					
            </Layers>
        </StatusBar>
    </Frames>
    <Scripts>
        <!-- When this bar loads -->
        <OnLoad>
            LieExp_OnLoad();
        </OnLoad>
        <!-- When we receive a subscribed game event -->
        <OnEvent>
            LieExp_OnEvent(event, arg1, arg2);
        </OnEvent>

        <OnMouseDown>
            LieExp_OnMouseDown(arg1);
        </OnMouseDown>
        <OnMouseUp>
            LieExp_OnMouseUp(arg1);
        </OnMouseUp>

        <!-- When Mouse enters frame -->
        <OnEnter>
            LieExp_OnEnter();
        </OnEnter>
        <!-- When mouse leaves frame -->
        <OnLeave>
            LieExp_OnLeave();
        </OnLeave>
    </Scripts>
</Frame>

<!-- Backdrop goes outside of the rest to prevent it from interfering with the ability to click through -->
<Frame name="LieExp_EXPBACKDROP" parent="UIParent" topLevel="true" frameStrata="LOW">
    <Anchors>
        <Anchor point="BOTTOMLEFT" relativeTo="LieExp"/>
    </Anchors>
    <Backdrop bgFile="Interface\Addons\LieExp\Textures\Square_Smooth.tga" tile="false">
        <Color a="0.2" r="0.81" g="0.81" b="0.81"/>
    </Backdrop>
</Frame>

</Ui>
