<Ui xmlns="http://www.blizzard.com/wow/ui/" 
    xmlns:xsi="http://www.w3.org/2001/XMLSchema-instance" 
    xsi:schemaLocation="http://www.blizzard.com/wow/ui/ ..\FrameXML\UI.xsd">
	<Script file="Radar.lua"/>

	<!-- TEMPLATES ==================================================== -->
	<Button name="RadarButtonTemplate" virtual="true">
		<Size>
			<AbsDimension x="240" y="10"/>
		</Size>
		<Layers>
			<Layer level="BORDER">
				<FontString name="$parentLevel" inherits="GameFontNormal" justifyH="RIGHT" wraponspaces="false">
					<Size>
						<AbsDimension x="25" y="10"/>
					</Size>
					<Anchors>
						<Anchor point="TOPLEFT">
							<Offset>
								<AbsDimension x="0" y="1"/>
							</Offset>
						</Anchor>
					</Anchors>
				</FontString>
				<FontString name="$parentName" inherits="GameFontNormal" justifyH="LEFT" wraponspaces="false">
					<Size>
						<AbsDimension x="100" y="10"/>
					</Size>
					<Anchors>
						<Anchor point="LEFT" relativeTo="$parentLevel" relativePoint="RIGHT">
							<Offset>
								<AbsDimension x="0" y="0"/>
							</Offset>
						</Anchor>
					</Anchors>
				</FontString>
				<FontString name="$parentDescription" inherits="GameFontNormal" justifyH="LEFT" wraponspaces="false">
					<Size>
						<AbsDimension x="200" y="10"/>
					</Size>
					<Anchors>
						<Anchor point="LEFT" relativeTo="$parentName" relativePoint="RIGHT">
							<Offset>
								<AbsDimension x="0" y="0"/>
							</Offset>
						</Anchor>
					</Anchors>
				</FontString>
				<FontString name="$parentDescription2" inherits="GameFontNormal" justifyH="LEFT" wraponspaces="false">
					<!-- Note that this OVERLAPS the $parentDescription! -->
					<Size>
						<AbsDimension x="20" y="10"/>
					</Size>
					<Anchors>
						<Anchor point="LEFT" relativeTo="$parentName" relativePoint="RIGHT">
							<Offset>
								<AbsDimension x="0" y="0"/>
							</Offset>
						</Anchor>
					</Anchors>
				</FontString>
				<FontString name="$parentFlags" inherits="GameFontNormal" justifyH="CENTER" wraponspaces="false">
					<Size>
						<AbsDimension x="30" y="10"/>
					</Size>
					<Anchors>
						<Anchor point="LEFT" relativeTo="$parentDescription" relativePoint="RIGHT">
							<Offset>
								<AbsDimension x="0" y="0"/>
							</Offset>
						</Anchor>
					</Anchors>
				</FontString>
			</Layer>
		</Layers>
		<Scripts>
			<OnClick>
				Radar_ListButton();
			</OnClick>
		</Scripts>
		<HighlightTexture name="$parentHighlight" file="Interface\QuestFrame\UI-QuestLogTitleHighlight" alphaMode="ADD">
			<Size>
				<AbsDimension x="240" y="10"/>
			</Size>
			<Anchors>
				<Anchor point="TOPLEFT">
					<Offset>
						<AbsDimension x="0" y="0"/>
					</Offset>
				</Anchor>
			</Anchors>
		</HighlightTexture>
	</Button>
	<!-- TEMPLATES ENDED ============================================== -->
	
	<Frame name="RadarFrame" frameStrata="LOW" toplevel="true" enableMouse="true" movable="true" parent="UIParent">
		<Size>
			<AbsDimension x="300" y="256"/>
		</Size>
		<Anchors>
			<Anchor point="LEFT"/>
		</Anchors>
        <Backdrop bgFile="Interface\AddOns\Radar\Images\BaseColor" 
           edgeFile="Interface\Tooltips\UI-Tooltip-Border" tile="true">         
           <BackgroundInsets>
               <AbsInset left="5" right="4" top="5" bottom="4"/>
           </BackgroundInsets>
           <TileSize>
               <AbsValue val="16"/>
           </TileSize>
           <EdgeSize>
               <AbsValue val="16"/>
           </EdgeSize>
        </Backdrop>
		<Frames>
			<Frame name="$parentHeaderFrame">
				<Size>
					<AbsDimension x="256" y="6"/>
				</Size>
				<Anchors>
					<Anchor point="TOPLEFT" relativeTo="$parent" relativePoint="TOPLEFT">
						<Offset>
							<AbsDimension x="0" y="0"/>
						</Offset>
					</Anchor>
				</Anchors>
				<Layers>
					<Layer level="OVERLAY">
						<!-- Title -->
						<FontString name="RadarHeader"
							    inherits="GameFontNormalSmall"
							    justifyH="LEFT"
							    justifyV="TOP">
							<Size>
								<AbsDimension x="240" y="16"/>
							</Size>
							<Anchors>
								<Anchor point="TOPLEFT">
									<Offset>
										<AbsDimension x="8" y="-6"/>
									</Offset>
								</Anchor>
							</Anchors>
						</FontString>
					</Layer>
				</Layers>
			</Frame>
			<!-- Targeting Buttons -->
			<Button name="RadarButton1" inherits="RadarButtonTemplate" id="1">
				<Anchors>
					<Anchor point="TOPLEFT" relativeTo="RadarFrameHeaderFrame" relativePoint="BOTTOMLEFT">
						<Offset>
							<AbsDimension x="6" y="0"/>
						</Offset>
					</Anchor>
				</Anchors>
			</Button>
			<Button name="RadarButton2" inherits="RadarButtonTemplate" id="2">
				<Anchors>
					<Anchor point="TOPLEFT" relativeTo="RadarButton1" relativePoint="BOTTOMLEFT">
						<Offset>
							<AbsDimension x="0" y="0"/>
						</Offset>
					</Anchor>
				</Anchors>
			</Button>
			<Button name="RadarButton3" inherits="RadarButtonTemplate" id="3">
				<Anchors>
					<Anchor point="TOPLEFT" relativeTo="RadarButton2" relativePoint="BOTTOMLEFT">
						<Offset>
							<AbsDimension x="0" y="0"/>
						</Offset>
					</Anchor>
				</Anchors>
			</Button>
			<Button name="RadarButton4" inherits="RadarButtonTemplate" id="4">
				<Anchors>
					<Anchor point="TOPLEFT" relativeTo="RadarButton3" relativePoint="BOTTOMLEFT">
						<Offset>
							<AbsDimension x="0" y="0"/>
						</Offset>
					</Anchor>
				</Anchors>
			</Button>
			<Button name="RadarButton5" inherits="RadarButtonTemplate" id="5">
				<Anchors>
					<Anchor point="TOPLEFT" relativeTo="RadarButton4" relativePoint="BOTTOMLEFT">
						<Offset>
							<AbsDimension x="0" y="0"/>
						</Offset>
					</Anchor>
				</Anchors>
			</Button>
			<Button name="RadarButton6" inherits="RadarButtonTemplate" id="6">
				<Anchors>
					<Anchor point="TOPLEFT" relativeTo="RadarButton5" relativePoint="BOTTOMLEFT">
						<Offset>
							<AbsDimension x="0" y="0"/>
						</Offset>
					</Anchor>
				</Anchors>
			</Button>
			<Button name="RadarButton7" inherits="RadarButtonTemplate" id="7">
				<Anchors>
					<Anchor point="TOPLEFT" relativeTo="RadarButton6" relativePoint="BOTTOMLEFT">
						<Offset>
							<AbsDimension x="0" y="0"/>
						</Offset>
					</Anchor>
				</Anchors>
			</Button>
			<Button name="RadarButton8" inherits="RadarButtonTemplate" id="8">
				<Anchors>
					<Anchor point="TOPLEFT" relativeTo="RadarButton7" relativePoint="BOTTOMLEFT">
						<Offset>
							<AbsDimension x="0" y="0"/>
						</Offset>
					</Anchor>
				</Anchors>
			</Button>
			<Button name="RadarButton9" inherits="RadarButtonTemplate" id="9">
				<Anchors>
					<Anchor point="TOPLEFT" relativeTo="RadarButton8" relativePoint="BOTTOMLEFT">
						<Offset>
							<AbsDimension x="0" y="0"/>
						</Offset>
					</Anchor>
				</Anchors>
			</Button>
			<Button name="RadarButton10" inherits="RadarButtonTemplate" id="10">
				<Anchors>
					<Anchor point="TOPLEFT" relativeTo="RadarButton9" relativePoint="BOTTOMLEFT">
						<Offset>
							<AbsDimension x="0" y="0"/>
						</Offset>
					</Anchor>
				</Anchors>
			</Button>
			<Button name="RadarButton11" inherits="RadarButtonTemplate" id="11">
				<Anchors>
					<Anchor point="TOPLEFT" relativeTo="RadarButton10" relativePoint="BOTTOMLEFT">
						<Offset>
							<AbsDimension x="0" y="0"/>
						</Offset>
					</Anchor>
				</Anchors>
			</Button>
			<Button name="RadarButton12" inherits="RadarButtonTemplate" id="12">
				<Anchors>
					<Anchor point="TOPLEFT" relativeTo="RadarButton11" relativePoint="BOTTOMLEFT">
						<Offset>
							<AbsDimension x="0" y="0"/>
						</Offset>
					</Anchor>
				</Anchors>
			</Button>
			<Button name="RadarButton13" inherits="RadarButtonTemplate" id="13">
				<Anchors>
					<Anchor point="TOPLEFT" relativeTo="RadarButton12" relativePoint="BOTTOMLEFT">
						<Offset>
							<AbsDimension x="0" y="0"/>
						</Offset>
					</Anchor>
				</Anchors>
			</Button>
			<Button name="RadarButton14" inherits="RadarButtonTemplate" id="14">
				<Anchors>
					<Anchor point="TOPLEFT" relativeTo="RadarButton13" relativePoint="BOTTOMLEFT">
						<Offset>
							<AbsDimension x="0" y="0"/>
						</Offset>
					</Anchor>
				</Anchors>
			</Button>
			<Button name="RadarButton15" inherits="RadarButtonTemplate" id="15">
				<Anchors>
					<Anchor point="TOPLEFT" relativeTo="RadarButton14" relativePoint="BOTTOMLEFT">
						<Offset>
							<AbsDimension x="0" y="0"/>
						</Offset>
					</Anchor>
				</Anchors>
			</Button>
			<Button name="RadarButton16" inherits="RadarButtonTemplate" id="16">
				<Anchors>
					<Anchor point="TOPLEFT" relativeTo="RadarButton15" relativePoint="BOTTOMLEFT">
						<Offset>
							<AbsDimension x="0" y="0"/>
						</Offset>
					</Anchor>
				</Anchors>
			</Button>
		</Frames>
		<Scripts>
			<OnLoad>
				Radar_OnLoad();
			</OnLoad>
			<OnEvent>
				Radar_OnEvent();
			</OnEvent>
			<OnUpdate>
				Radar_OnUpdate();
			</OnUpdate>
			<OnDragStart>
				Radar_OnDragStart();
			</OnDragStart>
			<OnDragStop>
				Radar_OnDragStop();
			</OnDragStop>
			<OnMouseUp>
				Radar_OnDragStop();
			</OnMouseUp>
		</Scripts>
	</Frame>
</Ui>
