<Ui xmlns="http://www.blizzard.com/wow/ui/" xmlns:xsi="http://www.w3.org/2001/XMLSchema-instance" xsi:schemaLocation="http://www.blizzard.com/wow/ui/
C:\Projects\WoW\Bin\Interface\FrameXML\UI.xsd">
	<Script file="localization.lua"/>
	<Script file="localization.ge.lua"/>
	<Script file="localization.fr.lua"/>
	<Script file="CT_PlayerFrame.lua"/>
	<Frame name="CT_PlayerFrame" parent="PlayerFrame">
		<Scripts>
			<OnLoad>
				CT_PlayerFrameOnLoad();
				TargetFrame:ClearAllPoints();TargetFrame:SetPoint("LEFT", "PlayerFrame", "RIGHT", 50, 0);
			</OnLoad>
			<OnEvent>
				CT_PlayerFrameOnEvent(event);
			</OnEvent>
		</Scripts>
		<Frames>
			<Frame setAllPoints="true">
				<Frames>
					<Frame setAllPoints="true">
						<Layers>
							<Layer level="OVERLAY">
								<FontString name="CT_PlayerHealthBar" inherits="GameFontNormalSmall" text="">
									<Size>
										<AbsDimension x="100" y="10" />
									</Size>
									<Anchors>
										<Anchor point="LEFT" relativeTo="PlayerFrame" relativePoint="TOPLEFT">
											<Offset>
												<AbsDimension x="115" y="-46"/>
											</Offset>
										</Anchor>
									</Anchors>
								</FontString>
								<FontString name="CT_PlayerHealthRight" inherits="GameFontNormalSmall" text="">
									<Anchors>
										<Anchor point="LEFT" relativeTo="PlayerFrame" relativePoint="TOPRIGHT">
											<Offset>
												<AbsDimension x="-3" y="-46"/>
											</Offset>
										</Anchor>
									</Anchors>
								</FontString>
								<FontString name="CT_PlayerManaBar" inherits="GameFontNormalSmall" text="">
									<Size>
										<AbsDimension x="100" y="10" />
									</Size>
									<Anchors>
										<Anchor point="LEFT" relativeTo="PlayerFrame" relativePoint="TOPLEFT">
											<Offset>
												<AbsDimension x="115" y="-57"/>
											</Offset>
										</Anchor>
									</Anchors>
								</FontString>
								<FontString name="CT_PlayerManaRight" inherits="GameFontNormalSmall" text="">
									<Anchors>
										<Anchor point="LEFT" relativeTo="PlayerFrame" relativePoint="TOPRIGHT">
											<Offset>
												<AbsDimension x="-3" y="-57"/>
											</Offset>
										</Anchor>
									</Anchors>
								</FontString>
							</Layer>
						</Layers>
						<Frames>
							<Button name="CT_PlayerFrame_Drag" frameStrata="LOW" hidden="false" movable="true" toplevel="true">
								<Size>
									<AbsDimension x="100" y="20"/>
								</Size>
								<Anchors>
									<Anchor point="TOPLEFT" relativeTo="UIParent" relativePoint="TOPLEFT">
										<Offset>
											<AbsDimension x="97" y="-25"/>
										</Offset>
									</Anchor>
								</Anchors>
								<Scripts>
									<OnEnter>
										GameTooltip:SetOwner(this, "ANCHOR_TOPLEFT");
										GameTooltip:SetText("Left-click to drag");
									</OnEnter>
									<OnLeave>
										GameTooltip:Hide();
									</OnLeave>
									<OnMouseDown>
										if ( arg1 == "LeftButton" ) then
											this:StartMoving();
										end
									</OnMouseDown>
									<OnMouseUp>
										this:StopMovingOrSizing();
									</OnMouseUp>
									<OnLoad>
										CT_UnitFrames_LinkFrameDrag(PlayerFrame, this, "TOPLEFT", "TOPLEFT", -117, 21);
									</OnLoad>
								</Scripts>
							</Button>
						</Frames>
					</Frame>
				</Frames>
			</Frame>
		</Frames>
	</Frame>
</Ui>