<Ui xmlns="http://www.blizzard.com/wow/ui/">
  <Include file="GM_Templates.xml"/>

  <Frame name="GM_OptionsFrame" parent="UIParent" movable="true" hidden="true" frameStrata="BACKGROUND">
    <Size x="570" y="390"/>
    <Anchors>
      <Anchor point="CENTER"/>
    </Anchors>
    <Backdrop edgeFile="Interface\Tooltips\UI-Tooltip-Border">
      <EdgeSize>
        <AbsValue val="16"/>
      </EdgeSize>
    </Backdrop>
    <Layers>
      <Layer level="BACKGROUND">
        <Texture file="Interface\ChatFrame\ChatFrameBackground">
          <Anchors>
            <Anchor point="TOPLEFT">
              <Offset>
                <AbsDimension x="4" y="-4"/>
              </Offset>
            </Anchor>
            <Anchor point="BOTTOMRIGHT" relativePoint="BOTTOMRIGHT">
              <Offset>
                <AbsDimension x="-4" y="4"/>
              </Offset>
            </Anchor>
          </Anchors>
          <Gradient orientation="VERTICAL">
            <MinColor r="0.1" g="0.1" b="0.1" a=".5"/>
            <MaxColor r=".25" g=".25" b=".25" a="1"/>
          </Gradient>
        </Texture>
      </Layer>
      <Layer level="OVERLAY">
        <FontString name="GM_OptionsTitle" inherits="GameFontNormalHuge">
          <Anchors>
            <Anchor point="TOPLEFT">
              <Offset>
                <AbsDimension x="10" y="-25"/>
              </Offset>
            </Anchor>
          </Anchors>
          <Color r="0.94" g="0.76" b="0"/>
        </FontString>
      </Layer>
    </Layers>

    <Frames>
      <Button name="GM_CloseButton">
        <Size>
          <AbsDimension x="32" y="32"/>
        </Size>
        <Anchors>
          <Anchor point="TOPRIGHT">
            <Offset>
              <AbsDimension x="3" y="2"/>
            </Offset>
          </Anchor>
        </Anchors>
        <HighlightTexture file="Interface\AddOns\GearMenu\Assets\UI-Button-Close-Highlight" alphaMode="ADD">
        </HighlightTexture>
        <NormalTexture file="Interface\AddOns\GearMenu\Assets\UI-Button-Close-Up">
        </NormalTexture>
        <PushedTexture file="Interface\AddOns\GearMenu\Assets\UI-Button-Close-Down">
        </PushedTexture>
        <DisabledTexture file="Interface\AddOns\GearMenu\Assets\UI-Button-Close-Disabled">
        </DisabledTexture>
        <Scripts>
          <OnClick>
            gm.opt.OptionCloseButtonOnClick()
          </OnClick>
        </Scripts>
      </Button>

      <!-- left navigation frame -->
      <Frame name="GM_LeftNavigationMenu">
        <Size x="128" y="320"/>
        <Anchors>
          <Anchor point="TOPLEFT">
            <Offset>
              <AbsDimension x="10" y="-60"/>
            </Offset>
          </Anchor>
        </Anchors>
        <Backdrop edgeFile="Interface\Tooltips\UI-Tooltip-Border">
          <EdgeSize>
            <AbsValue val="16"/>
          </EdgeSize>
        </Backdrop>
        <Frames>
          <Button name="GM_Navigation_Button_1" inherits="GM_NavigationButtonTemplate">
            <Anchors>
              <Anchor point="TOP">
                <Offset x="0" y="-5"/>
              </Anchor>
            </Anchors>
          </Button>
          <Button name="GM_Navigation_Button_2" inherits="GM_NavigationButtonTemplate">
            <Anchors>
              <Anchor point="TOP" relativeTo="GM_Navigation_Button_1" relativePoint="BOTTOM"/>
            </Anchors>
          </Button>
          <Button name="GM_Navigation_Button_3" inherits="GM_NavigationButtonTemplate">
            <Anchors>
              <Anchor point="TOP" relativeTo="GM_Navigation_Button_2" relativePoint="BOTTOM"/>
            </Anchors>
          </Button>
          <Button name="GM_Navigation_Button_4" inherits="GM_NavigationButtonTemplate">
            <Anchors>
              <Anchor point="TOP" relativeTo="GM_Navigation_Button_3" relativePoint="BOTTOM"/>
            </Anchors>
          </Button>
        </Frames>
        <Scripts>
          <OnShow>
            gm.navigationMenu.LeftNavigationMenuOnShow()
          </OnShow>
        </Scripts>
      </Frame>

      <!-- right options frame -->
      <Frame name="GM_RightContentMenu">
        <Size x="420" y="320"/>
        <Anchors>
          <Anchor point="TOPLEFT">
            <Offset x="138" y="-60"/>
          </Anchor>
        </Anchors>
        <Backdrop edgeFile="Interface\Tooltips\UI-Tooltip-Border">
          <EdgeSize>
            <AbsValue val="16"/>
          </EdgeSize>
        </Backdrop>
        <Frames>
          <Frame name="GM_ContentSlots" hidden="true">
            <Size x="420" y="320"/>
            <Anchors>
              <Anchor point="TOPLEFT"/>
            </Anchors>
            <Layers>
              <Layer level="BACKGROUND">
                <FontString name="GM_TitleSlot1" inherits="GameFontHighlight">
                  <Anchors>
                    <Anchor point="TOPLEFT" relativeTo="GM_RightContentMenu" relativePoint="TOPLEFT">
                      <Offset>
                        <AbsDimension x="10" y="-10"/>
                      </Offset>
                    </Anchor>
                  </Anchors>
                  <Color r="1" g="1" b="1"/>
                </FontString>
                <FontString name="GM_TitleSlot2" inherits="GameFontHighlight">
                  <Anchors>
                    <Anchor point="TOPLEFT" relativeTo="GM_RightContentMenu" relativePoint="TOPLEFT">
                      <Offset>
                        <AbsDimension x="170" y="-10"/>
                      </Offset>
                    </Anchor>
                  </Anchors>
                  <Color r="1" g="1" b="1"/>
                </FontString>
                <FontString name="GM_TitleSlot3" inherits="GameFontHighlight">
                  <Anchors>
                    <Anchor point="TOPLEFT" relativeTo="GM_RightContentMenu" relativePoint="TOPLEFT">
                      <Offset>
                        <AbsDimension x="10" y="-60"/>
                      </Offset>
                    </Anchor>
                  </Anchors>
                  <Color r="1" g="1" b="1"/>
                </FontString>
                <FontString name="GM_TitleSlot4" inherits="GameFontHighlight">
                  <Anchors>
                    <Anchor point="TOPLEFT" relativeTo="GM_RightContentMenu" relativePoint="TOPLEFT">
                      <Offset>
                        <AbsDimension x="170" y="-60"/>
                      </Offset>
                    </Anchor>
                  </Anchors>
                  <Color r="1" g="1" b="1"/>
                </FontString>
                <FontString name="GM_TitleSlot5" inherits="GameFontHighlight">
                  <Anchors>
                    <Anchor point="TOPLEFT" relativeTo="GM_RightContentMenu" relativePoint="TOPLEFT">
                      <Offset>
                        <AbsDimension x="10" y="-110"/>
                      </Offset>
                    </Anchor>
                  </Anchors>
                  <Color r="1" g="1" b="1"/>
                </FontString>
                <FontString name="GM_TitleSlot6" inherits="GameFontHighlight">
                  <Anchors>
                    <Anchor point="TOPLEFT" relativeTo="GM_RightContentMenu" relativePoint="TOPLEFT">
                      <Offset>
                        <AbsDimension x="170" y="-110"/>
                      </Offset>
                    </Anchor>
                  </Anchors>
                  <Color r="1" g="1" b="1"/>
                </FontString>
                <FontString name="GM_TitleSlot7" inherits="GameFontHighlight">
                  <Anchors>
                    <Anchor point="TOPLEFT" relativeTo="GM_RightContentMenu" relativePoint="TOPLEFT">
                      <Offset>
                        <AbsDimension x="10" y="-160"/>
                      </Offset>
                    </Anchor>
                  </Anchors>
                  <Color r="1" g="1" b="1"/>
                </FontString>
                <FontString name="GM_TitleSlot8" inherits="GameFontHighlight">
                  <Anchors>
                    <Anchor point="TOPLEFT" relativeTo="GM_RightContentMenu" relativePoint="TOPLEFT">
                      <Offset>
                        <AbsDimension x="170" y="-160"/>
                      </Offset>
                    </Anchor>
                  </Anchors>
                  <Color r="1" g="1" b="1"/>
                </FontString>
                <FontString name="GM_TitleSlot9" inherits="GameFontHighlight">
                  <Anchors>
                    <Anchor point="TOPLEFT" relativeTo="GM_RightContentMenu" relativePoint="TOPLEFT">
                      <Offset>
                        <AbsDimension x="10" y="-210"/>
                      </Offset>
                    </Anchor>
                  </Anchors>
                  <Color r="1" g="1" b="1"/>
                </FontString>
                <FontString name="GM_TitleSlot10" inherits="GameFontHighlight">
                  <Anchors>
                    <Anchor point="TOPLEFT" relativeTo="GM_RightContentMenu" relativePoint="TOPLEFT">
                      <Offset>
                        <AbsDimension x="170" y="-210"/>
                      </Offset>
                    </Anchor>
                  </Anchors>
                  <Color r="1" g="1" b="1"/>
                </FontString>
              </Layer>
            </Layers>
            <Frames>
              <!-- content GM_CONTENT_SLOTS -->
              <Button name="GM_OptSlot1" inherits="UIDropDownMenuTemplate">
                <Anchors>
                  <Anchor point="TOPLEFT" relativeTo="GM_RightContentMenu" relativePoint="TOPLEFT">
                    <Offset>
                      <AbsDimension x="-5" y="-25"/>
                    </Offset>
                  </Anchor>
                </Anchors>
                <Scripts>
                  <OnShow>
                    UIDropDownMenu_Initialize(this, gm.slotsMenu.InitializeDropdownMenu)
                  </OnShow>
                </Scripts>
              </Button>
              <Button name="GM_OptSlot2" inherits="UIDropDownMenuTemplate">
                <Anchors>
                  <Anchor point="TOPLEFT" relativeTo="GM_RightContentMenu" relativePoint="TOPLEFT">
                    <Offset>
                      <AbsDimension x="155" y="-25"/>
                    </Offset>
                  </Anchor>
                </Anchors>
                <Scripts>
                  <OnShow>
                    UIDropDownMenu_Initialize(this, gm.slotsMenu.InitializeDropdownMenu)
                  </OnShow>
                </Scripts>
              </Button>
              <Button name="GM_OptSlot3" inherits="UIDropDownMenuTemplate">
                <Anchors>
                  <Anchor point="TOPLEFT" relativeTo="GM_RightContentMenu" relativePoint="TOPLEFT">
                    <Offset>
                      <AbsDimension x="-5" y="-75"/>
                    </Offset>
                  </Anchor>
                </Anchors>
                <Scripts>
                  <OnShow>
                    UIDropDownMenu_Initialize(this, gm.slotsMenu.InitializeDropdownMenu)
                  </OnShow>
                </Scripts>
              </Button>
              <Button name="GM_OptSlot4" inherits="UIDropDownMenuTemplate">
                <Anchors>
                  <Anchor point="TOPLEFT" relativeTo="GM_RightContentMenu" relativePoint="TOPLEFT">
                    <Offset>
                      <AbsDimension x="155" y="-75"/>
                    </Offset>
                  </Anchor>
                </Anchors>
                <Scripts>
                  <OnShow>
                    UIDropDownMenu_Initialize(this, gm.slotsMenu.InitializeDropdownMenu)
                  </OnShow>
                </Scripts>
              </Button>
              <Button name="GM_OptSlot5" inherits="UIDropDownMenuTemplate">
                <Anchors>
                  <Anchor point="TOPLEFT" relativeTo="GM_RightContentMenu" relativePoint="TOPLEFT">
                    <Offset>
                      <AbsDimension x="-5" y="-125"/>
                    </Offset>
                  </Anchor>
                </Anchors>
                <Scripts>
                  <OnShow>
                    UIDropDownMenu_Initialize(this, gm.slotsMenu.InitializeDropdownMenu)
                  </OnShow>
                </Scripts>
              </Button>
              <Button name="GM_OptSlot6" inherits="UIDropDownMenuTemplate">
                <Anchors>
                  <Anchor point="TOPLEFT" relativeTo="GM_RightContentMenu" relativePoint="TOPLEFT">
                    <Offset>
                      <AbsDimension x="155" y="-125"/>
                    </Offset>
                  </Anchor>
                </Anchors>
                <Scripts>
                  <OnShow>
                    UIDropDownMenu_Initialize(this, gm.slotsMenu.InitializeDropdownMenu)
                  </OnShow>
                </Scripts>
              </Button>
              <Button name="GM_OptSlot7" inherits="UIDropDownMenuTemplate">
                <Anchors>
                  <Anchor point="TOPLEFT" relativeTo="GM_RightContentMenu" relativePoint="TOPLEFT">
                    <Offset>
                      <AbsDimension x="-5" y="-175"/>
                    </Offset>
                  </Anchor>
                </Anchors>
                <Scripts>
                  <OnShow>
                    UIDropDownMenu_Initialize(this, gm.slotsMenu.InitializeDropdownMenu)
                  </OnShow>
                </Scripts>
              </Button>
              <Button name="GM_OptSlot8" inherits="UIDropDownMenuTemplate">
                <Anchors>
                  <Anchor point="TOPLEFT" relativeTo="GM_RightContentMenu" relativePoint="TOPLEFT">
                    <Offset>
                      <AbsDimension x="155" y="-175"/>
                    </Offset>
                  </Anchor>
                </Anchors>
                <Scripts>
                  <OnShow>
                    UIDropDownMenu_Initialize(this, gm.slotsMenu.InitializeDropdownMenu)
                  </OnShow>
                </Scripts>
              </Button>
              <Button name="GM_OptSlot9" inherits="UIDropDownMenuTemplate">
                <Anchors>
                  <Anchor point="TOPLEFT" relativeTo="GM_RightContentMenu" relativePoint="TOPLEFT">
                    <Offset>
                      <AbsDimension x="-5" y="-225"/>
                    </Offset>
                  </Anchor>
                </Anchors>
                <Scripts>
                  <OnShow>
                    UIDropDownMenu_Initialize(this, gm.slotsMenu.InitializeDropdownMenu)
                  </OnShow>
                </Scripts>
              </Button>
              <Button name="GM_OptSlot10" inherits="UIDropDownMenuTemplate">
                <Anchors>
                  <Anchor point="TOPLEFT" relativeTo="GM_RightContentMenu" relativePoint="TOPLEFT">
                    <Offset>
                      <AbsDimension x="155" y="-225"/>
                    </Offset>
                  </Anchor>
                </Anchors>
                <Scripts>
                  <OnShow>
                    UIDropDownMenu_Initialize(this, gm.slotsMenu.InitializeDropdownMenu)
                  </OnShow>
                </Scripts>
              </Button>
            </Frames>
          </Frame>
          <Frame name="GM_ContentGeneral" hidden="true">
            <Size x="420" y="320"/>
            <Anchors>
              <Anchor point="TOPLEFT"/>
            </Anchors>
            <Layers>
              <Layer level="BACKGROUND">
                <FontString name="GM_TitleFilterItemQuality" inherits="GameFontNormalSmall">
                  <Anchors>
                    <Anchor point="TOPLEFT" relativeTo="GM_RightContentMenu" relativePoint="TOPLEFT">
                      <Offset>
                        <AbsDimension x="10" y="-190"/>
                      </Offset>
                    </Anchor>
                  </Anchors>
                  <Color r="1" g="1" b="1"/>
                </FontString>
              </Layer>
            </Layers>
            <Frames>
              <!-- content GM_CONTENT_GENERAL -->
              <CheckButton name="GM_OptLockWindow" inherits="GM_CheckButtonTemplate">
                <Anchors>
                  <Anchor point="TOPLEFT" relativeTo="GM_RightContentMenu" relativePoint="TOPLEFT">
                    <Offset>
                      <AbsDimension x="10" y="-10"/>
                    </Offset>
                  </Anchor>
                </Anchors>
                <Scripts>
                  <OnClick>
                    gm.generalMenu.LockWindowOptionOnClick()
                  </OnClick>
                  <OnShow>
                    gm.generalMenu.LockWindowOptionOnShow()
                  </OnShow>
                </Scripts>
              </CheckButton>
              <CheckButton name="GM_OptShowCooldowns" inherits="GM_CheckButtonTemplate">
                <Anchors>
                  <Anchor point="TOPLEFT" relativeTo="GM_RightContentMenu" relativePoint="TOPLEFT">
                    <Offset>
                      <AbsDimension x="10" y="-40"/>
                    </Offset>
                  </Anchor>
                </Anchors>
                <Scripts>
                  <OnClick>
                    gm.generalMenu.ShowCooldownsOptionOnClick()
                  </OnClick>
                  <OnShow>
                    gm.generalMenu.ShowCooldownsOptionOnShow()
                  </OnShow>
                </Scripts>
              </CheckButton>
              <CheckButton name="GM_OptShowKeyBindings" inherits="GM_CheckButtonTemplate">
                <Anchors>
                  <Anchor point="TOPLEFT" relativeTo="GM_RightContentMenu" relativePoint="TOPLEFT">
                    <Offset>
                      <AbsDimension x="10" y="-70"/>
                    </Offset>
                  </Anchor>
                </Anchors>
                <Scripts>
                  <OnClick>
                    gm.generalMenu.ShowKeyBindingsOptionOnClick()
                  </OnClick>
                  <OnShow>
                    gm.generalMenu.ShowKeyBindingsOptionOnShow()
                  </OnShow>
                </Scripts>
              </CheckButton>
              <CheckButton name="GM_OptDisableTooltips" inherits="GM_CheckButtonTemplate">
                <Anchors>
                  <Anchor point="TOPLEFT" relativeTo="GM_RightContentMenu" relativePoint="TOPLEFT">
                    <Offset>
                      <AbsDimension x="10" y="-100"/>
                    </Offset>
                  </Anchor>
                </Anchors>
                <Scripts>
                  <OnClick>
                    gm.generalMenu.DisableTooltipsOptionOnClick()
                  </OnClick>
                  <OnShow>
                    gm.generalMenu.DisableTooltipsOptionOnShow()
                  </OnShow>
                </Scripts>
              </CheckButton>
              <CheckButton name="GM_OptSmallTooltips" inherits="GM_CheckButtonTemplate">
                <Anchors>
                  <Anchor point="TOPLEFT" relativeTo="GM_RightContentMenu" relativePoint="TOPLEFT">
                    <Offset>
                      <AbsDimension x="10" y="-130"/>
                    </Offset>
                  </Anchor>
                </Anchors>
                <Scripts>
                  <OnClick>
                    gm.generalMenu.SmallTooltipsOptionOnClick()
                  </OnClick>
                  <OnShow>
                    gm.generalMenu.SmallTooltipsOptionOnShow()
                  </OnShow>
                </Scripts>
              </CheckButton>
              <CheckButton name="GM_OptDisableDragAndDrop" inherits="GM_CheckButtonTemplate">
                <Anchors>
                  <Anchor point="TOPLEFT" relativeTo="GM_RightContentMenu" relativePoint="TOPLEFT">
                    <Offset>
                      <AbsDimension x="10" y="-160"/>
                    </Offset>
                  </Anchor>
                </Anchors>
                <Scripts>
                  <OnClick>
                    gm.generalMenu.DisableDragAndDropOptionOnClick()
                  </OnClick>
                  <OnShow>
                    gm.generalMenu.DisableDragAndDropOptionOnShow()
                  </OnShow>
                </Scripts>
              </CheckButton>
              <Button name="GM_OptFilterItemQuality" inherits="UIDropDownMenuTemplate">
                <Anchors>
                  <Anchor point="TOPLEFT" relativeTo="GM_RightContentMenu" relativePoint="TOPLEFT">
                    <Offset>
                      <AbsDimension x="-5" y="-210"/>
                    </Offset>
                  </Anchor>
                </Anchors>
                <Scripts>
                  <OnShow>
                    UIDropDownMenu_Initialize(this, gm.generalMenu.InitializeDropdownMenu)
                  </OnShow>
                </Scripts>
              </Button>
            </Frames>
            <Scripts>
              <OnShow>
                gm.generalMenu.InitGeneralMenu()
              </OnShow>
            </Scripts>
          </Frame>
          <Frame name="GM_ContentQuickChange" hidden="true">
            <Size x="420" y="320"/>
            <Anchors>
              <Anchor point="TOPLEFT"/>
            </Anchors>
            <Frames>
              <ScrollFrame name="GM_QuickChangeScrollFrame">
                <Size x="410" y="312"/>
                <Anchors>
                  <Anchor point="TOPLEFT">
                    <Offset>
                      <AbsDimension x="4" y="-5"/>
                    </Offset>
                  </Anchor>
                </Anchors>
                <Scripts>
                  <OnLoad>
                    gm.quickChangeMenu.QuickChangeScrollFrameOnLoad()
                  </OnLoad>
                  <OnMouseWheel>
                    gm.quickChangeMenu.QuickChangeScrollFrameOnMouseWheel()
                  </OnMouseWheel>
                </Scripts>
                <ScrollChild>
                  <Frame name="$parent_Child">
                    <Size x="400" y="280"/>
                    <Frames>
                      <!-- QuickChange rule list-->
                      <Frame name="GM_QuickChangeRuleList">
                        <Size x="375" y="130"/>
                        <Anchors>
                          <Anchor point="TOPLEFT">
                            <Offset>
                              <AbsDimension x="10" y="-20"/>
                            </Offset>
                          </Anchor>
                        </Anchors>
                        <Backdrop edgeFile="Interface\Tooltips\UI-Tooltip-Border">
                          <EdgeSize>
                            <AbsValue val="16"/>
                          </EdgeSize>
                        </Backdrop>
                        <Layers>
                          <Layer level="OVERLAY">
                            <FontString name="GM_RuleListLabel" inherits="GameFontNormal">
                              <Anchors>
                                <Anchor point="TOPLEFT">
                                  <Offset>
                                    <AbsDimension x="0" y="15"/>
                                  </Offset>
                                </Anchor>
                              </Anchors>
                              <Color r="1" g="1" b="1"/>
                            </FontString>
                          </Layer>
                          <Layer level="BACKGROUND">
                            <Texture file="Interface\ChatFrame\ChatFrameBackground">
                              <Size x="370" y="124"/>
                              <Anchors>
                                <Anchor point="TOPLEFT">
                                  <Offset>
                                    <AbsDimension x="2" y="-3"/>
                                  </Offset>
                                </Anchor>
                              </Anchors>
                              <Gradient orientation="VERTICAL">
                                <MinColor r=".075" g=".075" b=".075" a="1"/>
                                <MaxColor r=".165" g=".165" b=".165" a="1"/>
                              </Gradient>
                            </Texture>
                          </Layer>
                        </Layers>
                        <Frames>
                          <!-- list cells -->
                          <Button name="GM_QuickChangeRuleCell1" inherits="GM_QuickChangeRuleListCellTemplate" id="1">
                            <Anchors>
                              <Anchor point="TOPLEFT">
                                <Offset>
                                  <AbsDimension x="6" y="-6"/>
                                </Offset>
                              </Anchor>
                            </Anchors>
                          </Button>
                          <Button name="GM_QuickChangeRuleCell2" inherits="GM_QuickChangeRuleListCellTemplate" id="2">
                            <Anchors>
                              <Anchor point="TOPLEFT" relativeTo="GM_QuickChangeRuleCell1" relativePoint="BOTTOMLEFT"/>
                            </Anchors>
                          </Button>
                          <Button name="GM_QuickChangeRuleCell3" inherits="GM_QuickChangeRuleListCellTemplate" id="3">
                            <Anchors>
                              <Anchor point="TOPLEFT" relativeTo="GM_QuickChangeRuleCell2" relativePoint="BOTTOMLEFT"/>
                            </Anchors>
                          </Button>
                          <Button name="GM_QuickChangeRuleCell4" inherits="GM_QuickChangeRuleListCellTemplate" id="4">
                            <Anchors>
                              <Anchor point="TOPLEFT" relativeTo="GM_QuickChangeRuleCell3" relativePoint="BOTTOMLEFT"/>
                            </Anchors>
                          </Button>
                          <Button name="GM_QuickChangeRuleCell5" inherits="GM_QuickChangeRuleListCellTemplate" id="5">
                            <Anchors>
                              <Anchor point="TOPLEFT" relativeTo="GM_QuickChangeRuleCell4" relativePoint="BOTTOMLEFT"/>
                            </Anchors>
                          </Button>
                          <!-- scrollable rule list -->
                          <ScrollFrame name="GM_QuickChangeRuleScrollFrame" inherits="FauxScrollFrameTemplate">
                            <Anchors>
                              <Anchor point="TOPLEFT">
                                <Offset>
                                  <AbsDimension x="-28" y="-4"/>
                                </Offset>
                              </Anchor>
                              <Anchor point="BOTTOMRIGHT" relativeTo="GM_QuickChangeRuleList" relativePoint="BOTTOMRIGHT">
                                <Offset>
                                  <AbsDimension x="-28" y="5"/>
                                </Offset>
                              </Anchor>
                            </Anchors>
                            <Layers>
                              <Layer level="BACKGROUND">
                                <Texture file="Interface\ChatFrame\ChatFrameBackground">
                                  <Anchors>
                                    <Anchor point="TOPLEFT" relativePoint="TOPRIGHT">
                                      <Offset>
                                        <AbsDimension x="0" y="0"/>
                                      </Offset>
                                    </Anchor>
                                    <Anchor point="BOTTOMRIGHT" relativePoint="BOTTOMRIGHT">
                                      <Offset>
                                        <AbsDimension x="22" y="0"/>
                                      </Offset>
                                    </Anchor>
                                  </Anchors>
                                  <Gradient>
                                    <MinColor r="0" g="0" b="0" a="0"/>
                                    <MaxColor r="0" g="0" b="0" a="1"/>
                                  </Gradient>
                                </Texture>
                              </Layer>
                            </Layers>
                            <Scripts>
                              <OnVerticalScroll>
                                FauxScrollFrame_OnVerticalScroll(24, gm.quickChangeMenu.QuickChangeRuleListOnUpdate)
                              </OnVerticalScroll>
                              <OnShow>
                                <!-- initialize rule list -->
                                gm.quickChangeMenu.QuickChangeRuleListOnUpdate()
                              </OnShow>
                            </Scripts>
                          </ScrollFrame>
                        </Frames>
                      </Frame>
                      <Button name="GM_DeleteQuickChangeRule" inherits="UIPanelButtonTemplate">
                        <Size x="85" y="25"/>
                        <Anchors>
                          <Anchor point="BOTTOMRIGHT" relativeTo="GM_QuickChangeRuleList" relativePoint="BOTTOMRIGHT">
                            <Offset x="0" y="-30"/>
                          </Anchor>
                        </Anchors>
                        <Scripts>
                          <OnShow>
                            this:SetText(gm.L["delete_rule"])
                          </OnShow>
                          <OnClick>
                            gm.quickChangeMenu.DeleteQuickChangeRuleOnClick()
                          </OnClick>
                        </Scripts>
                      </Button>
                      <!-- category choose dropdown -->
                      <Button name="GM_ChooseCategory" inherits="UIDropDownMenuTemplate">
                        <Anchors>
                          <Anchor point="TOPLEFT">
                            <Offset>
                              <AbsDimension x="-4" y="-170"/>
                            </Offset>
                          </Anchor>
                        </Anchors>
                        <Scripts>
                          <OnShow>
                            UIDropDownMenu_Initialize(this, gm.quickChangeMenu.InitializeDropdownMenu)
                          </OnShow>
                        </Scripts>
                      </Button>
                      <!-- left frame for changeFromList -->
                      <Frame name="GM_ChangeFromList">
                        <Size x="185" y="228"/>
                        <Anchors>
                          <Anchor point="TOPLEFT">
                            <Offset>
                              <AbsDimension x="10" y="-220"/>
                            </Offset>
                          </Anchor>
                        </Anchors>
                        <Backdrop edgeFile="Interface\Tooltips\UI-Tooltip-Border">
                          <EdgeSize>
                            <AbsValue val="16"/>
                          </EdgeSize>
                        </Backdrop>
                        <Layers>
                          <Layer level="OVERLAY">
                            <FontString name="GM_ChangeFromLabel" inherits="GameFontNormal">
                              <Anchors>
                                <Anchor point="TOPLEFT">
                                  <Offset>
                                    <AbsDimension x="0" y="15"/>
                                  </Offset>
                                </Anchor>
                              </Anchors>
                              <Color r="1" g="1" b="1"/>
                            </FontString>
                          </Layer>
                          <Layer level="BACKGROUND">
                            <Texture file="Interface\ChatFrame\ChatFrameBackground">
                              <Size x="180" y="222"/>
                              <Anchors>
                                <Anchor point="TOPLEFT">
                                  <Offset>
                                    <AbsDimension x="2" y="-3"/>
                                  </Offset>
                                </Anchor>
                              </Anchors>
                              <Gradient orientation="VERTICAL">
                                <MinColor r=".075" g=".075" b=".075" a="1"/>
                                <MaxColor r=".165" g=".165" b=".165" a="1"/>
                              </Gradient>
                            </Texture>
                          </Layer>
                        </Layers>
                        <Frames>
                          <!-- list cells -->
                          <Button name="GM_ChangeFromCell1" inherits="GM_QuickChangeListCellTemplate" id="1">
                            <Anchors>
                              <Anchor point="TOPLEFT">
                                <Offset>
                                  <AbsDimension x="6" y="-6"/>
                                </Offset>
                              </Anchor>
                            </Anchors>
                            <Scripts>
                              <OnClick>
                                gm.quickChangeMenu.ChangeFromListCellOnClick()
                              </OnClick>
                            </Scripts>
                          </Button>
                          <Button name="GM_ChangeFromCell2" inherits="GM_QuickChangeListCellTemplate" id="2">
                            <Anchors>
                              <Anchor point="TOPLEFT" relativeTo="GM_ChangeFromCell1" relativePoint="BOTTOMLEFT"/>
                            </Anchors>
                            <Scripts>
                              <OnClick>
                                gm.quickChangeMenu.ChangeFromListCellOnClick()
                              </OnClick>
                            </Scripts>
                          </Button>
                          <Button name="GM_ChangeFromCell3" inherits="GM_QuickChangeListCellTemplate" id="3">
                            <Anchors>
                              <Anchor point="TOPLEFT" relativeTo="GM_ChangeFromCell2" relativePoint="BOTTOMLEFT"/>
                            </Anchors>
                            <Scripts>
                              <OnClick>
                                gm.quickChangeMenu.ChangeFromListCellOnClick()
                              </OnClick>
                            </Scripts>
                          </Button>
                          <Button name="GM_ChangeFromCell4" inherits="GM_QuickChangeListCellTemplate" id="4">
                            <Anchors>
                              <Anchor point="TOPLEFT" relativeTo="GM_ChangeFromCell3" relativePoint="BOTTOMLEFT"/>
                            </Anchors>
                            <Scripts>
                              <OnClick>
                                gm.quickChangeMenu.ChangeFromListCellOnClick()
                              </OnClick>
                            </Scripts>
                          </Button>
                          <Button name="GM_ChangeFromCell5" inherits="GM_QuickChangeListCellTemplate" id="5">
                            <Anchors>
                              <Anchor point="TOPLEFT" relativeTo="GM_ChangeFromCell4" relativePoint="BOTTOMLEFT"/>
                            </Anchors>
                            <Scripts>
                              <OnClick>
                                gm.quickChangeMenu.ChangeFromListCellOnClick()
                              </OnClick>
                            </Scripts>
                          </Button>
                          <Button name="GM_ChangeFromCell6" inherits="GM_QuickChangeListCellTemplate" id="6">
                            <Anchors>
                              <Anchor point="TOPLEFT" relativeTo="GM_ChangeFromCell5" relativePoint="BOTTOMLEFT"/>
                            </Anchors>
                            <Scripts>
                              <OnClick>
                                gm.quickChangeMenu.ChangeFromListCellOnClick()
                              </OnClick>
                            </Scripts>
                          </Button>
                          <Button name="GM_ChangeFromCell7" inherits="GM_QuickChangeListCellTemplate" id="7">
                            <Anchors>
                              <Anchor point="TOPLEFT" relativeTo="GM_ChangeFromCell6" relativePoint="BOTTOMLEFT"/>
                            </Anchors>
                            <Scripts>
                              <OnClick>
                                gm.quickChangeMenu.ChangeFromListCellOnClick()
                              </OnClick>
                            </Scripts>
                          </Button>
                          <Button name="GM_ChangeFromCell8" inherits="GM_QuickChangeListCellTemplate" id="8">
                            <Anchors>
                              <Anchor point="TOPLEFT" relativeTo="GM_ChangeFromCell7" relativePoint="BOTTOMLEFT"/>
                            </Anchors>
                            <Scripts>
                              <OnClick>
                                gm.quickChangeMenu.ChangeFromListCellOnClick()
                              </OnClick>
                            </Scripts>
                          </Button>
                          <Button name="GM_ChangeFromCell9" inherits="GM_QuickChangeListCellTemplate" id="9">
                            <Anchors>
                              <Anchor point="TOPLEFT" relativeTo="GM_ChangeFromCell8" relativePoint="BOTTOMLEFT"/>
                            </Anchors>
                            <Scripts>
                              <OnClick>
                                gm.quickChangeMenu.ChangeFromListCellOnClick()
                              </OnClick>
                            </Scripts>
                          </Button>
                          <!-- scrollable left list 'changeFrom' -->
                          <ScrollFrame name="GM_QuickChange_ChangeFromScrollFrame" inherits="FauxScrollFrameTemplate">
                            <Anchors>
                              <Anchor point="TOPLEFT">
                                <Offset>
                                  <AbsDimension x="-28" y="-4"/>
                                </Offset>
                              </Anchor>
                              <Anchor point="BOTTOMRIGHT" relativeTo="GM_ChangeFromList" relativePoint="BOTTOMRIGHT">
                                <Offset>
                                  <AbsDimension x="-28" y="5"/>
                                </Offset>
                              </Anchor>
                            </Anchors>
                            <Layers>
                              <Layer level="BACKGROUND">
                                <Texture file="Interface\ChatFrame\ChatFrameBackground">
                                  <Anchors>
                                    <Anchor point="TOPLEFT" relativePoint="TOPRIGHT">
                                      <Offset>
                                        <AbsDimension x="0" y="0"/>
                                      </Offset>
                                    </Anchor>
                                    <Anchor point="BOTTOMRIGHT" relativePoint="BOTTOMRIGHT">
                                      <Offset>
                                        <AbsDimension x="22" y="0"/>
                                      </Offset>
                                    </Anchor>
                                  </Anchors>
                                  <Gradient>
                                    <MinColor r="0" g="0" b="0" a="0"/>
                                    <MaxColor r="0" g="0" b="0" a="1"/>
                                  </Gradient>
                                </Texture>
                              </Layer>
                            </Layers>
                            <Scripts>
                              <OnVerticalScroll>
                                FauxScrollFrame_OnVerticalScroll(24, gm.quickChangeMenu.QuickChangeFromListOnUpdate)
                              </OnVerticalScroll>
                            </Scripts>
                          </ScrollFrame>
                        </Frames>
                      </Frame>
                      <!-- right frame for changeToList -->
                      <Frame name="GM_ChangeToList">
                        <Size x="185" y="228"/>
                        <Anchors>
                          <Anchor point="TOPLEFT">
                            <Offset>
                              <AbsDimension x="195" y="-220"/>
                            </Offset>
                          </Anchor>
                        </Anchors>
                        <Backdrop edgeFile="Interface\Tooltips\UI-Tooltip-Border">
                          <EdgeSize>
                            <AbsValue val="16"/>
                          </EdgeSize>
                        </Backdrop>
                        <Layers>
                          <Layer level="OVERLAY">
                            <FontString name="GM_ChangeToLabel" inherits="GameFontNormal">
                              <Anchors>
                                <Anchor point="TOPLEFT">
                                  <Offset>
                                    <AbsDimension x="0" y="15"/>
                                  </Offset>
                                </Anchor>
                              </Anchors>
                              <Color r="1" g="1" b="1"/>
                            </FontString>
                          </Layer>
                          <Layer level="BACKGROUND">
                            <Texture file="Interface\ChatFrame\ChatFrameBackground">
                              <Size x="180" y="222"/>
                              <Anchors>
                                <Anchor point="TOPLEFT">
                                  <Offset>
                                    <AbsDimension x="2" y="-3"/>
                                  </Offset>
                                </Anchor>
                              </Anchors>
                              <Gradient orientation="VERTICAL">
                                <MinColor r=".075" g=".075" b=".075" a="1"/>
                                <MaxColor r=".165" g=".165" b=".165" a="1"/>
                              </Gradient>
                            </Texture>
                          </Layer>
                        </Layers>
                        <Frames>
                          <!-- list cells -->
                          <Button name="GM_ChangeToCell1" inherits="GM_QuickChangeListCellTemplate" id="1">
                            <Anchors>
                              <Anchor point="TOPLEFT">
                                <Offset>
                                  <AbsDimension x="6" y="-6"/>
                                </Offset>
                              </Anchor>
                            </Anchors>
                            <Scripts>
                              <OnClick>
                                gm.quickChangeMenu.ChangeToListCellOnClick()
                              </OnClick>
                            </Scripts>
                          </Button>
                          <Button name="GM_ChangeToCell2" inherits="GM_QuickChangeListCellTemplate" id="2">
                            <Anchors>
                              <Anchor point="TOPLEFT" relativeTo="GM_ChangeToCell1" relativePoint="BOTTOMLEFT"/>
                            </Anchors>
                            <Scripts>
                              <OnClick>
                                gm.quickChangeMenu.ChangeToListCellOnClick()
                              </OnClick>
                            </Scripts>
                          </Button>
                          <Button name="GM_ChangeToCell3" inherits="GM_QuickChangeListCellTemplate" id="3">
                            <Anchors>
                              <Anchor point="TOPLEFT" relativeTo="GM_ChangeToCell2" relativePoint="BOTTOMLEFT"/>
                            </Anchors>
                            <Scripts>
                              <OnClick>
                                gm.quickChangeMenu.ChangeToListCellOnClick()
                              </OnClick>
                            </Scripts>
                          </Button>
                          <Button name="GM_ChangeToCell4" inherits="GM_QuickChangeListCellTemplate" id="4">
                            <Anchors>
                              <Anchor point="TOPLEFT" relativeTo="GM_ChangeToCell3" relativePoint="BOTTOMLEFT"/>
                            </Anchors>
                            <Scripts>
                              <OnClick>
                                gm.quickChangeMenu.ChangeToListCellOnClick()
                              </OnClick>
                            </Scripts>
                          </Button>
                          <Button name="GM_ChangeToCell5" inherits="GM_QuickChangeListCellTemplate" id="5">
                            <Anchors>
                              <Anchor point="TOPLEFT" relativeTo="GM_ChangeToCell4" relativePoint="BOTTOMLEFT"/>
                            </Anchors>
                            <Scripts>
                              <OnClick>
                                gm.quickChangeMenu.ChangeToListCellOnClick()
                              </OnClick>
                            </Scripts>
                          </Button>
                          <Button name="GM_ChangeToCell6" inherits="GM_QuickChangeListCellTemplate" id="6">
                            <Anchors>
                              <Anchor point="TOPLEFT" relativeTo="GM_ChangeToCell5" relativePoint="BOTTOMLEFT"/>
                            </Anchors>
                            <Scripts>
                              <OnClick>
                                gm.quickChangeMenu.ChangeToListCellOnClick()
                              </OnClick>
                            </Scripts>
                          </Button>
                          <Button name="GM_ChangeToCell7" inherits="GM_QuickChangeListCellTemplate" id="7">
                            <Anchors>
                              <Anchor point="TOPLEFT" relativeTo="GM_ChangeToCell6" relativePoint="BOTTOMLEFT"/>
                            </Anchors>
                            <Scripts>
                              <OnClick>
                                gm.quickChangeMenu.ChangeToListCellOnClick()
                              </OnClick>
                            </Scripts>
                          </Button>
                          <Button name="GM_ChangeToCell8" inherits="GM_QuickChangeListCellTemplate" id="8">
                            <Anchors>
                              <Anchor point="TOPLEFT" relativeTo="GM_ChangeToCell7" relativePoint="BOTTOMLEFT"/>
                            </Anchors>
                            <Scripts>
                              <OnClick>
                                gm.quickChangeMenu.ChangeToListCellOnClick()
                              </OnClick>
                            </Scripts>
                          </Button>
                          <Button name="GM_ChangeToCell9" inherits="GM_QuickChangeListCellTemplate" id="9">
                            <Anchors>
                              <Anchor point="TOPLEFT" relativeTo="GM_ChangeToCell8" relativePoint="BOTTOMLEFT"/>
                            </Anchors>
                            <Scripts>
                              <OnClick>
                                gm.quickChangeMenu.ChangeToListCellOnClick()
                              </OnClick>
                            </Scripts>
                          </Button>
                          <!-- scrollable left list 'changeFrom' -->
                          <ScrollFrame name="GM_QuickChange_ChangeToScrollFrame" inherits="FauxScrollFrameTemplate">
                            <Anchors>
                              <Anchor point="TOPLEFT" relativeTo="GM_ChangeToList" relativePoint="TOPLEFT">
                                <Offset>
                                  <AbsDimension x="-28" y="-4"/>
                                </Offset>
                              </Anchor>
                              <Anchor point="BOTTOMRIGHT" relativeTo="GM_ChangeToList" relativePoint="BOTTOMRIGHT">
                                <Offset>
                                  <AbsDimension x="-28" y="5"/>
                                </Offset>
                              </Anchor>
                            </Anchors>
                            <Layers>
                              <Layer level="BACKGROUND">
                                <Texture file="Interface\ChatFrame\ChatFrameBackground">
                                  <Anchors>
                                    <Anchor point="TOPLEFT" relativePoint="TOPRIGHT">
                                      <Offset>
                                        <AbsDimension x="0" y="0"/>
                                      </Offset>
                                    </Anchor>
                                    <Anchor point="BOTTOMRIGHT" relativePoint="BOTTOMRIGHT">
                                      <Offset>
                                        <AbsDimension x="22" y="0"/>
                                      </Offset>
                                    </Anchor>
                                  </Anchors>
                                  <Gradient>
                                    <MinColor r="0" g="0" b="0" a="0"/>
                                    <MaxColor r="0" g="0" b="0" a="1"/>
                                  </Gradient>
                                </Texture>
                              </Layer>
                            </Layers>
                            <Scripts>
                              <OnVerticalScroll>
                                FauxScrollFrame_OnVerticalScroll(24, gm.quickChangeMenu.QuickChangeToListOnUpdate)
                              </OnVerticalScroll>
                            </Scripts>
                          </ScrollFrame>
                        </Frames>
                      </Frame>
                      <!-- editbox for quick change delay -->
                      <EditBox name="GM_QuickChangeDelay" numeric="true" letters="3" autoFocus="false">
                        <Size>
                          <AbsDimension x="28" y="20"/>
                        </Size>
                        <Anchors>
                          <Anchor point="BOTTOMRIGHT" relativeTo="GM_ChangeToList" relativePoint="BOTTOMRIGHT">
                            <Offset x="-100" y="-30"/>
                          </Anchor>
                        </Anchors>
                        <Layers>
                          <Layer level="BACKGROUND">
                            <Texture name="$parentLeft" file="Interface\ClassTrainerFrame\UI-ClassTrainer-FilterBorder">
                              <Size>
                                <AbsDimension x="12" y="29"/>
                              </Size>
                              <Anchors>
                                <Anchor point="TOPLEFT">
                                  <Offset>
                                    <AbsDimension x="-7" y="2"/>
                                  </Offset>
                                </Anchor>
                              </Anchors>
                              <TexCoords left="0" right="0.09375" top="0" bottom="1.0"/>
                            </Texture>
                            <Texture name="$parentRight" file="Interface\ClassTrainerFrame\UI-ClassTrainer-FilterBorder">
                              <Size>
                                <AbsDimension x="12" y="29"/>
                              </Size>
                              <Anchors>
                                <Anchor point="TOPRIGHT">
                                  <Offset>
                                    <AbsDimension x="10" y="2"/>
                                  </Offset>
                                </Anchor>
                              </Anchors>
                              <TexCoords left="0.90625" right="1.0" top="0" bottom="1.0"/>
                            </Texture>
                            <Texture file="Interface\ClassTrainerFrame\UI-ClassTrainer-FilterBorder">
                              <Anchors>
                                <Anchor point="TOPLEFT" relativeTo="$parentLeft" relativePoint="TOPRIGHT"/>
                                <Anchor point="BOTTOMRIGHT" relativeTo="$parentRight" relativePoint="BOTTOMLEFT"/>
                              </Anchors>
                              <TexCoords left="0.09375" right="0.90625" top="0" bottom="1.0"/>
                            </Texture>
                            <FontString name="GM_DelayLabel" font="GameFontHighlightSmall" justifyH="RIGHT">
                              <Anchors>
                                <Anchor point="RIGHT" relativePoint="LEFT">
                                  <Offset>
                                    <AbsDimension x="-10" y="0"/>
                                  </Offset>
                                </Anchor>
                              </Anchors>
                            </FontString>
                            <FontString name="GM_DelayUnitLabel" font="GameFontHighlightSmall" justifyH="LEFT">
                              <Anchors>
                                <Anchor point="LEFT" relativePoint="RIGHT">
                                  <Offset>
                                    <AbsDimension x="12" y="0"/>
                                  </Offset>
                                </Anchor>
                              </Anchors>
                            </FontString>
                          </Layer>
                        </Layers>
                        <Scripts>
                          <OnEscapePressed>
                            this:ClearFocus()
                          </OnEscapePressed>
                          <OnEnterPressed>
                            this:ClearFocus()
                          </OnEnterPressed>
                          <OnTextChanged>
                            gm.quickChangeMenu.QuickChangeDelayOnTextChanged()
                          </OnTextChanged>
                          <OnEditFocusGained>
                            gm.quickChangeMenu.QuickChangeDelayOnEditFocusGained()
                          </OnEditFocusGained>
                          <OnEditFocusLost>
                            gm.quickChangeMenu.QuickChangeDelayOnEditFocusLost()
                          </OnEditFocusLost>
                        </Scripts>
                        <FontString inherits="ChatFontNormal" />
                      </EditBox>
                      <Button name="GM_AddQuickChangeRule" inherits="UIPanelButtonTemplate">
                        <Size x="70" y="25"/>
                        <Anchors>
                          <Anchor point="BOTTOMRIGHT" relativeTo="GM_ChangeToList" relativePoint="BOTTOMRIGHT">
                            <Offset x="0" y="-30"/>
                          </Anchor>
                        </Anchors>
                        <Scripts>
                          <OnShow>
                            this:SetText(gm.L["add_rule"])
                          </OnShow>
                          <OnClick>
                            gm.quickChangeMenu.AddQuickChangeRuleOnClick()
                          </OnClick>
                        </Scripts>
                      </Button>
                    </Frames>
                    <Scripts>
                      <OnShow>
                        gm.quickChangeMenu.ItemListOnShow()
                      </OnShow>
                    </Scripts>
                  </Frame>
                </ScrollChild>
              </ScrollFrame>
            </Frames>
          </Frame>
          <Frame name="GM_ContentAbout" hidden="true">
            <Size x="420" y="320"/>
            <Anchors>
              <Anchor point="TOPLEFT"/>
            </Anchors>
            <Layers>
              <Layer level="OVERLAY">
                <Texture file="Interface\AddOns\GearMenu\Assets\UI-Logo-RagedUnicorn">
                  <Size>
                    <AbsDimension x="128" y="128"/>
                  </Size>
                  <Anchors>
                    <Anchor point="TOPLEFT">
                      <Offset>
                        <AbsDimension x="10" y="-10"/>
                      </Offset>
                    </Anchor>
                  </Anchors>
                </Texture>
                <FontString name="GM_AboutAuthor" inherits="GameFontNormalSmall">
                  <Anchors>
                    <Anchor point="TOPLEFT" relativeTo="GM_RightContentMenu" relativePoint="TOPLEFT">
                      <Offset>
                        <AbsDimension x="10" y="-148"/>
                      </Offset>
                    </Anchor>
                  </Anchors>
                  <Color r="1" g="1" b="1"/>
                </FontString>
                <FontString name="GM_AboutEmail" inherits="GameFontNormalSmall">
                  <Anchors>
                    <Anchor point="TOPLEFT" relativeTo="GM_RightContentMenu" relativePoint="TOPLEFT">
                      <Offset>
                        <AbsDimension x="10" y="-163"/>
                      </Offset>
                    </Anchor>
                  </Anchors>
                  <Color r="1" g="1" b="1"/>
                </FontString>
                <FontString name="GM_AboutVersion" inherits="GameFontNormalSmall">
                  <Anchors>
                    <Anchor point="TOPLEFT" relativeTo="GM_RightContentMenu" relativePoint="TOPLEFT">
                      <Offset>
                        <AbsDimension x="10" y="-178"/>
                      </Offset>
                    </Anchor>
                  </Anchors>
                  <Color r="1" g="1" b="1"/>
                </FontString>
                <FontString name="GM_AboutIssues" inherits="GameFontNormalSmall">
                  <Anchors>
                    <Anchor point="TOPLEFT" relativeTo="GM_RightContentMenu" relativePoint="TOPLEFT">
                      <Offset>
                        <AbsDimension x="10" y="-193"/>
                      </Offset>
                    </Anchor>
                  </Anchors>
                  <Color r="1" g="1" b="1"/>
                </FontString>
              </Layer>
            </Layers>
          </Frame>
        </Frames>
      </Frame>
    </Frames>
    <Scripts>
      <OnLoad>
        this:RegisterForDrag("LeftButton")
      </OnLoad>
      <OnDragStart>
        this:StartMoving()
      </OnDragStart>
      <OnDragStop>
        this:StopMovingOrSizing()
      </OnDragStop>
    </Scripts>
  </Frame>
</Ui>
