<Ui xmlns="http://www.blizzard.com/wow/ui/" xmlns:xsi="http://www.w3.org/2001/XMLSchema-instance" xsi:schemaLocation="http://www.blizzard.com/wow/ui/
C:\Projects\WoW\Bin\Interface\FrameXML\UI.xsd">
	<Script file="DebuffFilter.lua"/>
	<Button name="DebuffFilter_DebuffButtonTemplate" virtual="true">
		<Size>
			<AbsDimension x="30" y="30"/>
		</Size>
		<Layers>
			<Layer level="ARTWORK">
				<Texture name="$parentIcon"/>
				<FontString name="$parentCount" inherits="NumberFontNormalSmall">
					<Anchors>
						<Anchor point="BOTTOMRIGHT">
							<Offset>
								<AbsDimension x="-1" y="0"/>
							</Offset>
						</Anchor>
					</Anchors>
				</FontString>
			</Layer>
			<Layer level="OVERLAY">
				<Texture name="$parentBorder" file="Interface\Buttons\UI-Debuff-Overlays">
					<Size>
						<AbsDimension x="33" y="32"/>
					</Size>
					<Anchors>
						<Anchor point="CENTER">
							<Offset>
								<AbsDimension x="0" y="0"/>
							</Offset>
						</Anchor>
					</Anchors>
					<TexCoords left="0.296875" right="0.5703125" top="0" bottom="0.515625"/>
				</Texture>
			</Layer>
		</Layers>
		<Scripts>
			<OnLoad>
				this.update = 0;
			</OnLoad>
			<OnUpdate>
				DebuffFilter_DebuffButton_OnUpdate(arg1);
			</OnUpdate>
			<OnEnter>
				if (DebuffFilter_Config[DebuffFilter_Player]["tooltips"] == "yes") then
					GameTooltip:SetOwner(this, "ANCHOR_RIGHT");
					GameTooltip:SetUnitDebuff(DebuffFilter_Targets["hostile"], this:GetID());
				end
			</OnEnter>
			<OnLeave>
				GameTooltip:Hide();
			</OnLeave>
			<OnMouseDown>
				DebuffFilter_OnMouseDown(arg1);
			</OnMouseDown>
			<OnMouseUp>
				DebuffFilter_OnMouseUp(arg1);
			</OnMouseUp>
			<OnHide>
				this:GetParent():StopMovingOrSizing();
			</OnHide>
		</Scripts>
	</Button>
	<Button name="DebuffFilter_BuffButtonTemplate" virtual="true">
		<Size>
			<AbsDimension x="30" y="30"/>
		</Size>
		<Layers>
			<Layer level="ARTWORK">
				<Texture name="$parentIcon"/>
				<FontString name="$parentCount" inherits="NumberFontNormalSmall">
					<Anchors>
						<Anchor point="BOTTOMRIGHT">
							<Offset>
								<AbsDimension x="-1" y="0"/>
							</Offset>
						</Anchor>
					</Anchors>
				</FontString>
			</Layer>
			<Layer level="OVERLAY">
				<FontString name="$parentDuration" inherits="GameFontNormalSmall">
					<Size>
						<AbsDimension x="35" y="12"/>
					</Size>
					<Anchors>
						<Anchor point="TOP" relativePoint="BOTTOM">
							<Offset>
								<AbsDimension x="0" y="0"/>
							</Offset>
						</Anchor>
					</Anchors>
				</FontString>
			</Layer>
		</Layers>
		<Scripts>
			<OnLoad>
				this.update = 0;
			</OnLoad>
			<OnUpdate>
				DebuffFilter_BuffButton_OnUpdate(arg1);
			</OnUpdate>
			<OnEnter>
				if (DebuffFilter_Config[DebuffFilter_Player]["tooltips"] == "yes") then
					GameTooltip:SetOwner(this, "ANCHOR_RIGHT");
					GameTooltip:SetPlayerBuff(this:GetID());
				end
			</OnEnter>
			<OnLeave>
				GameTooltip:Hide();
			</OnLeave>
			<OnMouseDown>
				DebuffFilter_OnMouseDown(arg1);
			</OnMouseDown>
			<OnMouseUp>
				DebuffFilter_OnMouseUp(arg1);
			</OnMouseUp>
			<OnHide>
				this:GetParent():StopMovingOrSizing();
			</OnHide>
		</Scripts>
	</Button>
	<Button name="DebuffFilter_FDebuffButtonTemplate" virtual="true">
		<Size>
			<AbsDimension x="30" y="30"/>
		</Size>
		<Layers>
			<Layer level="ARTWORK">
				<Texture name="$parentIcon"/>
				<FontString name="$parentCount" inherits="NumberFontNormalSmall">
					<Anchors>
						<Anchor point="BOTTOMRIGHT">
							<Offset>
								<AbsDimension x="-1" y="0"/>
							</Offset>
						</Anchor>
					</Anchors>
				</FontString>
			</Layer>
			<Layer level="OVERLAY">
				<Texture name="$parentBorder" file="Interface\Buttons\UI-Debuff-Overlays">
					<Size>
						<AbsDimension x="33" y="32"/>
					</Size>
					<Anchors>
						<Anchor point="CENTER">
							<Offset>
								<AbsDimension x="0" y="0"/>
							</Offset>
						</Anchor>
					</Anchors>
					<TexCoords left="0.296875" right="0.5703125" top="0" bottom="0.515625"/>
				</Texture>
			</Layer>
		</Layers>
		<Scripts>
			<OnLoad>
				this.update = 0;
			</OnLoad>
			<OnUpdate>
				DebuffFilter_FDebuffButton_OnUpdate(arg1);
			</OnUpdate>
			<OnEnter>
				if (DebuffFilter_Config[DebuffFilter_Player]["tooltips"] == "yes") then
					GameTooltip:SetOwner(this, "ANCHOR_RIGHT");
					GameTooltip:SetUnitDebuff(DebuffFilter_Targets["friendly"], this:GetID());
				end
			</OnEnter>
			<OnLeave>
				GameTooltip:Hide();
			</OnLeave>
			<OnMouseDown>
				DebuffFilter_OnMouseDown(arg1);
			</OnMouseDown>
			<OnMouseUp>
				DebuffFilter_OnMouseUp(arg1);
			</OnMouseUp>
			<OnHide>
				this:GetParent():StopMovingOrSizing();
			</OnHide>
		</Scripts>
	</Button>
	<Button name="DebuffFilter_FBuffButtonTemplate" virtual="true">
		<Size>
			<AbsDimension x="30" y="30"/>
		</Size>
		<Layers>
			<Layer level="ARTWORK">
				<Texture name="$parentIcon"/>
				<FontString name="$parentCount" inherits="NumberFontNormalSmall">
					<Anchors>
						<Anchor point="BOTTOMRIGHT">
							<Offset>
								<AbsDimension x="-1" y="0"/>
							</Offset>
						</Anchor>
					</Anchors>
				</FontString>
			</Layer>
		</Layers>
		<Scripts>
			<OnLoad>
				this.update = 0;
			</OnLoad>
			<OnUpdate>
				DebuffFilter_FBuffButton_OnUpdate(arg1);
			</OnUpdate>
			<OnEnter>
				if (DebuffFilter_Config[DebuffFilter_Player]["tooltips"] == "yes") then
					GameTooltip:SetOwner(this, "ANCHOR_RIGHT");
					GameTooltip:SetUnitBuff(DebuffFilter_Targets["friendly"], this:GetID());
				end
			</OnEnter>
			<OnLeave>
				GameTooltip:Hide();
			</OnLeave>
			<OnMouseDown>
				DebuffFilter_OnMouseDown(arg1);
			</OnMouseDown>
			<OnMouseUp>
				DebuffFilter_OnMouseUp(arg1);
			</OnMouseUp>
			<OnHide>
				this:GetParent():StopMovingOrSizing();
			</OnHide>
		</Scripts>
	</Button>
	<Button name="DebuffFilter_BackdropTemplate" virtual="true">
		<Size>
			<AbsDimension x="40" y="40"/>
		</Size>
		<Anchors>
			<Anchor point="CENTER">
				<Offset>
					<AbsDimension x="0" y="0"/>
				</Offset>
			</Anchor>
		</Anchors>
		<Backdrop bgFile="Interface\TutorialFrame\TutorialFrameBackground" edgeFile="Interface\Tooltips\UI-Tooltip-Border" tile="true">
			<EdgeSize>
				<AbsValue val="16"/>
			</EdgeSize>
			<BackgroundInsets>
				<AbsInset left="5" right="5" top="5" bottom="5"/>
			</BackgroundInsets>
		</Backdrop>
		<Scripts>
			<OnMouseDown>
				DebuffFilter_OnMouseDown(arg1);
			</OnMouseDown>
			<OnMouseUp>
				DebuffFilter_OnMouseUp(arg1);
			</OnMouseUp>
			<OnHide>
				this:GetParent():StopMovingOrSizing();
			</OnHide>
		</Scripts>
	</Button>
	<Frame name="DebuffFilterFrame" parent="UIParent">
		<Scripts>
			<OnLoad>
				DebuffFilter_OnLoad();
			</OnLoad>
			<OnEvent>
				DebuffFilter_OnEvent(event);
			</OnEvent>
		</Scripts>
	</Frame>
	<Frame name="DebuffFilter_DebuffFrame" parent="DebuffFilterFrame" frameStrata="LOW" toplevel="false" movable="true">
		<Size>
			<AbsDimension x="30" y="30"/>
		</Size>
		<Layers>
			<Layer level="OVERLAY">
				<FontString name="$parentCount" inherits="GameFontNormal" hidden="true">
					<Size>
						<AbsDimension x="30" y="12"/>
					</Size>
					<Anchors>
						<Anchor point="RIGHT" relativePoint="LEFT">
							<Offset>
								<AbsDimension x="0" y="0"/>
							</Offset>
						</Anchor>
					</Anchors>
				</FontString>
			</Layer>
		</Layers>
		<Anchors>
			<Anchor point="CENTER" relativeTo="UIParent">
				<Offset>
					<AbsDimension x="-20" y="0"/>
				</Offset>
			</Anchor>
		</Anchors>
		<Frames>
			<Button name="$parentBackdrop" inherits="DebuffFilter_BackdropTemplate" hidden="true">
				<Layers>
					<Layer level="ARTWORK">
						<FontString inherits="GameFontNormal" text="Debuffs">
							<Size>
								<AbsDimension x="60" y="12"/>
							</Size>
							<Anchors>
								<Anchor point="TOP">
									<Offset>
										<AbsDimension x="0" y="15"/>
									</Offset>
								</Anchor>
							</Anchors>
						</FontString>
					</Layer>
				</Layers>
			</Button>
			<Button name="DebuffFilter_DebuffButton1" inherits="DebuffFilter_DebuffButtonTemplate" id="1" hidden="true">
				<Anchors>
					<Anchor point="LEFT">
						<Offset>
							<AbsDimension x="0" y="0"/>
						</Offset>
					</Anchor>
				</Anchors>
			</Button>
			<Button name="DebuffFilter_DebuffButton2" inherits="DebuffFilter_DebuffButtonTemplate" id="2" hidden="true">
				<Anchors>
					<Anchor point="LEFT" relativeTo="DebuffFilter_DebuffButton1" relativePoint="RIGHT">
						<Offset>
							<AbsDimension x="2" y="0"/>
						</Offset>
					</Anchor>
				</Anchors>
			</Button>
			<Button name="DebuffFilter_DebuffButton3" inherits="DebuffFilter_DebuffButtonTemplate" id="3" hidden="true">
				<Anchors>
					<Anchor point="LEFT" relativeTo="DebuffFilter_DebuffButton2" relativePoint="RIGHT">
						<Offset>
							<AbsDimension x="2" y="0"/>
						</Offset>
					</Anchor>
				</Anchors>
			</Button>
			<Button name="DebuffFilter_DebuffButton4" inherits="DebuffFilter_DebuffButtonTemplate" id="4" hidden="true">
				<Anchors>
					<Anchor point="LEFT" relativeTo="DebuffFilter_DebuffButton3" relativePoint="RIGHT">
						<Offset>
							<AbsDimension x="2" y="0"/>
						</Offset>
					</Anchor>
				</Anchors>
			</Button>
			<Button name="DebuffFilter_DebuffButton5" inherits="DebuffFilter_DebuffButtonTemplate" id="5" hidden="true">
				<Anchors>
					<Anchor point="LEFT" relativeTo="DebuffFilter_DebuffButton4" relativePoint="RIGHT">
						<Offset>
							<AbsDimension x="2" y="0"/>
						</Offset>
					</Anchor>
				</Anchors>
			</Button>
			<Button name="DebuffFilter_DebuffButton6" inherits="DebuffFilter_DebuffButtonTemplate" id="6" hidden="true">
				<Anchors>
					<Anchor point="LEFT" relativeTo="DebuffFilter_DebuffButton5" relativePoint="RIGHT">
						<Offset>
							<AbsDimension x="2" y="0"/>
						</Offset>
					</Anchor>
				</Anchors>
			</Button>
			<Button name="DebuffFilter_DebuffButton7" inherits="DebuffFilter_DebuffButtonTemplate" id="7" hidden="true">
				<Anchors>
					<Anchor point="LEFT" relativeTo="DebuffFilter_DebuffButton6" relativePoint="RIGHT">
						<Offset>
							<AbsDimension x="2" y="0"/>
						</Offset>
					</Anchor>
				</Anchors>
			</Button>
			<Button name="DebuffFilter_DebuffButton8" inherits="DebuffFilter_DebuffButtonTemplate" id="8" hidden="true">
				<Anchors>
					<Anchor point="LEFT" relativeTo="DebuffFilter_DebuffButton7" relativePoint="RIGHT">
						<Offset>
							<AbsDimension x="2" y="0"/>
						</Offset>
					</Anchor>
				</Anchors>
			</Button>
			<Button name="DebuffFilter_DebuffButton9" inherits="DebuffFilter_DebuffButtonTemplate" id="9" hidden="true">
				<Anchors>
					<Anchor point="LEFT" relativeTo="DebuffFilter_DebuffButton8" relativePoint="RIGHT">
						<Offset>
							<AbsDimension x="2" y="0"/>
						</Offset>
					</Anchor>
				</Anchors>
			</Button>
			<Button name="DebuffFilter_DebuffButton10" inherits="DebuffFilter_DebuffButtonTemplate" id="10" hidden="true">
				<Anchors>
					<Anchor point="LEFT" relativeTo="DebuffFilter_DebuffButton9" relativePoint="RIGHT">
						<Offset>
							<AbsDimension x="2" y="0"/>
						</Offset>
					</Anchor>
				</Anchors>
			</Button>
			<Button name="DebuffFilter_DebuffButton11" inherits="DebuffFilter_DebuffButtonTemplate" id="11" hidden="true">
				<Anchors>
					<Anchor point="LEFT" relativeTo="DebuffFilter_DebuffButton10" relativePoint="RIGHT">
						<Offset>
							<AbsDimension x="2" y="0"/>
						</Offset>
					</Anchor>
				</Anchors>
			</Button>
			<Button name="DebuffFilter_DebuffButton12" inherits="DebuffFilter_DebuffButtonTemplate" id="12" hidden="true">
				<Anchors>
					<Anchor point="LEFT" relativeTo="DebuffFilter_DebuffButton11" relativePoint="RIGHT">
						<Offset>
							<AbsDimension x="2" y="0"/>
						</Offset>
					</Anchor>
				</Anchors>
			</Button>
			<Button name="DebuffFilter_DebuffButton13" inherits="DebuffFilter_DebuffButtonTemplate" id="13" hidden="true">
				<Anchors>
					<Anchor point="LEFT" relativeTo="DebuffFilter_DebuffButton12" relativePoint="RIGHT">
						<Offset>
							<AbsDimension x="2" y="0"/>
						</Offset>
					</Anchor>
				</Anchors>
			</Button>
			<Button name="DebuffFilter_DebuffButton14" inherits="DebuffFilter_DebuffButtonTemplate" id="14" hidden="true">
				<Anchors>
					<Anchor point="LEFT" relativeTo="DebuffFilter_DebuffButton13" relativePoint="RIGHT">
						<Offset>
							<AbsDimension x="2" y="0"/>
						</Offset>
					</Anchor>
				</Anchors>
			</Button>
			<Button name="DebuffFilter_DebuffButton15" inherits="DebuffFilter_DebuffButtonTemplate" id="15" hidden="true">
				<Anchors>
					<Anchor point="LEFT" relativeTo="DebuffFilter_DebuffButton14" relativePoint="RIGHT">
						<Offset>
							<AbsDimension x="2" y="0"/>
						</Offset>
					</Anchor>
				</Anchors>
			</Button>
			<Button name="DebuffFilter_DebuffButton16" inherits="DebuffFilter_DebuffButtonTemplate" id="16" hidden="true">
				<Anchors>
					<Anchor point="LEFT" relativeTo="DebuffFilter_DebuffButton15" relativePoint="RIGHT">
						<Offset>
							<AbsDimension x="2" y="0"/>
						</Offset>
					</Anchor>
				</Anchors>
			</Button>
		</Frames>
	</Frame>
	<Frame name="DebuffFilter_BuffFrame" parent="DebuffFilterFrame" frameStrata="LOW" toplevel="false" movable="true">
		<Size>
			<AbsDimension x="30" y="30"/>
		</Size>
		<Layers>
			<Layer level="OVERLAY">
				<FontString name="$parentCount" inherits="GameFontNormal" hidden="true">
					<Size>
						<AbsDimension x="30" y="12"/>
					</Size>
					<Anchors>
						<Anchor point="RIGHT" relativePoint="LEFT">
							<Offset>
								<AbsDimension x="0" y="0"/>
							</Offset>
						</Anchor>
					</Anchors>
				</FontString>
			</Layer>
		</Layers>
		<Anchors>
			<Anchor point="LEFT" relativeTo="DebuffFilter_DebuffFrame" relativePoint="RIGHT">
				<Offset>
					<AbsDimension x="20" y="0"/>
				</Offset>
			</Anchor>
		</Anchors>
		<Frames>
			<Button name="$parentBackdrop" inherits="DebuffFilter_BackdropTemplate" hidden="true">
				<Layers>
					<Layer level="ARTWORK">
						<FontString inherits="GameFontNormal" text="Buffs">
							<Size>
								<AbsDimension x="38" y="12"/>
							</Size>
							<Anchors>
								<Anchor point="TOP">
									<Offset>
										<AbsDimension x="0" y="15"/>
									</Offset>
								</Anchor>
							</Anchors>
						</FontString>
					</Layer>
				</Layers>
			</Button>
			<Button name="DebuffFilter_BuffButton0" inherits="DebuffFilter_BuffButtonTemplate" id="0" hidden="true">
				<Anchors>
					<Anchor point="LEFT">
						<Offset>
							<AbsDimension x="0" y="0"/>
						</Offset>
					</Anchor>
				</Anchors>
			</Button>
			<Button name="DebuffFilter_BuffButton1" inherits="DebuffFilter_BuffButtonTemplate" id="1" hidden="true">
				<Anchors>
					<Anchor point="LEFT" relativeTo="DebuffFilter_BuffButton0" relativePoint="RIGHT">
						<Offset>
							<AbsDimension x="4" y="0"/>
						</Offset>
					</Anchor>
				</Anchors>
			</Button>
			<Button name="DebuffFilter_BuffButton2" inherits="DebuffFilter_BuffButtonTemplate" id="2" hidden="true">
				<Anchors>
					<Anchor point="LEFT" relativeTo="DebuffFilter_BuffButton1" relativePoint="RIGHT">
						<Offset>
							<AbsDimension x="4" y="0"/>
						</Offset>
					</Anchor>
				</Anchors>
			</Button>
			<Button name="DebuffFilter_BuffButton3" inherits="DebuffFilter_BuffButtonTemplate" id="3" hidden="true">
				<Anchors>
					<Anchor point="LEFT" relativeTo="DebuffFilter_BuffButton2" relativePoint="RIGHT">
						<Offset>
							<AbsDimension x="4" y="0"/>
						</Offset>
					</Anchor>
				</Anchors>
			</Button>
			<Button name="DebuffFilter_BuffButton4" inherits="DebuffFilter_BuffButtonTemplate" id="4" hidden="true">
				<Anchors>
					<Anchor point="LEFT" relativeTo="DebuffFilter_BuffButton3" relativePoint="RIGHT">
						<Offset>
							<AbsDimension x="4" y="0"/>
						</Offset>
					</Anchor>
				</Anchors>
			</Button>
			<Button name="DebuffFilter_BuffButton5" inherits="DebuffFilter_BuffButtonTemplate" id="5" hidden="true">
				<Anchors>
					<Anchor point="LEFT" relativeTo="DebuffFilter_BuffButton4" relativePoint="RIGHT">
						<Offset>
							<AbsDimension x="4" y="0"/>
						</Offset>
					</Anchor>
				</Anchors>
			</Button>
			<Button name="DebuffFilter_BuffButton6" inherits="DebuffFilter_BuffButtonTemplate" id="6" hidden="true">
				<Anchors>
					<Anchor point="LEFT" relativeTo="DebuffFilter_BuffButton5" relativePoint="RIGHT">
						<Offset>
							<AbsDimension x="4" y="0"/>
						</Offset>
					</Anchor>
				</Anchors>
			</Button>
			<Button name="DebuffFilter_BuffButton7" inherits="DebuffFilter_BuffButtonTemplate" id="7" hidden="true">
				<Anchors>
					<Anchor point="LEFT" relativeTo="DebuffFilter_BuffButton6" relativePoint="RIGHT">
						<Offset>
							<AbsDimension x="4" y="0"/>
						</Offset>
					</Anchor>
				</Anchors>
			</Button>
			<Button name="DebuffFilter_BuffButton8" inherits="DebuffFilter_BuffButtonTemplate" id="8" hidden="true">
				<Anchors>
					<Anchor point="LEFT" relativeTo="DebuffFilter_BuffButton7" relativePoint="RIGHT">
						<Offset>
							<AbsDimension x="4" y="0"/>
						</Offset>
					</Anchor>
				</Anchors>
			</Button>
			<Button name="DebuffFilter_BuffButton9" inherits="DebuffFilter_BuffButtonTemplate" id="9" hidden="true">
				<Anchors>
					<Anchor point="LEFT" relativeTo="DebuffFilter_BuffButton8" relativePoint="RIGHT">
						<Offset>
							<AbsDimension x="4" y="0"/>
						</Offset>
					</Anchor>
				</Anchors>
			</Button>
			<Button name="DebuffFilter_BuffButton10" inherits="DebuffFilter_BuffButtonTemplate" id="10" hidden="true">
				<Anchors>
					<Anchor point="LEFT" relativeTo="DebuffFilter_BuffButton9" relativePoint="RIGHT">
						<Offset>
							<AbsDimension x="4" y="0"/>
						</Offset>
					</Anchor>
				</Anchors>
			</Button>
			<Button name="DebuffFilter_BuffButton11" inherits="DebuffFilter_BuffButtonTemplate" id="11" hidden="true">
				<Anchors>
					<Anchor point="LEFT" relativeTo="DebuffFilter_BuffButton10" relativePoint="RIGHT">
						<Offset>
							<AbsDimension x="4" y="0"/>
						</Offset>
					</Anchor>
				</Anchors>
			</Button>
			<Button name="DebuffFilter_BuffButton12" inherits="DebuffFilter_BuffButtonTemplate" id="12" hidden="true">
				<Anchors>
					<Anchor point="LEFT" relativeTo="DebuffFilter_BuffButton11" relativePoint="RIGHT">
						<Offset>
							<AbsDimension x="4" y="0"/>
						</Offset>
					</Anchor>
				</Anchors>
			</Button>
			<Button name="DebuffFilter_BuffButton13" inherits="DebuffFilter_BuffButtonTemplate" id="13" hidden="true">
				<Anchors>
					<Anchor point="LEFT" relativeTo="DebuffFilter_BuffButton12" relativePoint="RIGHT">
						<Offset>
							<AbsDimension x="4" y="0"/>
						</Offset>
					</Anchor>
				</Anchors>
			</Button>
			<Button name="DebuffFilter_BuffButton14" inherits="DebuffFilter_BuffButtonTemplate" id="14" hidden="true">
				<Anchors>
					<Anchor point="LEFT" relativeTo="DebuffFilter_BuffButton13" relativePoint="RIGHT">
						<Offset>
							<AbsDimension x="4" y="0"/>
						</Offset>
					</Anchor>
				</Anchors>
			</Button>
			<Button name="DebuffFilter_BuffButton15" inherits="DebuffFilter_BuffButtonTemplate" id="15" hidden="true">
				<Anchors>
					<Anchor point="LEFT" relativeTo="DebuffFilter_BuffButton14" relativePoint="RIGHT">
						<Offset>
							<AbsDimension x="4" y="0"/>
						</Offset>
					</Anchor>
				</Anchors>
			</Button>
		</Frames>
	</Frame>
	<Frame name="DebuffFilter_FDebuffFrame" parent="DebuffFilterFrame" frameStrata="LOW" toplevel="false" movable="true">
		<Size>
			<AbsDimension x="30" y="30"/>
		</Size>
		<Layers>
			<Layer level="OVERLAY">
				<FontString name="$parentCount" inherits="GameFontNormal" hidden="true">
					<Size>
						<AbsDimension x="30" y="12"/>
					</Size>
					<Anchors>
						<Anchor point="RIGHT" relativePoint="LEFT">
							<Offset>
								<AbsDimension x="0" y="0"/>
							</Offset>
						</Anchor>
					</Anchors>
				</FontString>
			</Layer>
		</Layers>
		<Anchors>
			<Anchor point="TOP" relativeTo="DebuffFilter_DebuffFrame" relativePoint="BOTTOM">
				<Offset>
					<AbsDimension x="0" y="-30"/>
				</Offset>
			</Anchor>
		</Anchors>
		<Frames>
			<Button name="$parentBackdrop" inherits="DebuffFilter_BackdropTemplate" hidden="true">
				<Layers>
					<Layer level="ARTWORK">
						<FontString inherits="GameFontNormal" text="Friendly Debuffs">
							<Size>
								<AbsDimension x="110" y="12"/>
							</Size>
							<Anchors>
								<Anchor point="TOP">
									<Offset>
										<AbsDimension x="0" y="15"/>
									</Offset>
								</Anchor>
							</Anchors>
						</FontString>
					</Layer>
				</Layers>
			</Button>
			<Button name="DebuffFilter_FDebuffButton1" inherits="DebuffFilter_FDebuffButtonTemplate" id="1" hidden="true">
				<Anchors>
					<Anchor point="LEFT">
						<Offset>
							<AbsDimension x="0" y="0"/>
						</Offset>
					</Anchor>
				</Anchors>
			</Button>
			<Button name="DebuffFilter_FDebuffButton2" inherits="DebuffFilter_FDebuffButtonTemplate" id="2" hidden="true">
				<Anchors>
					<Anchor point="LEFT" relativeTo="DebuffFilter_FDebuffButton1" relativePoint="RIGHT">
						<Offset>
							<AbsDimension x="2" y="0"/>
						</Offset>
					</Anchor>
				</Anchors>
			</Button>
			<Button name="DebuffFilter_FDebuffButton3" inherits="DebuffFilter_FDebuffButtonTemplate" id="3" hidden="true">
				<Anchors>
					<Anchor point="LEFT" relativeTo="DebuffFilter_FDebuffButton2" relativePoint="RIGHT">
						<Offset>
							<AbsDimension x="2" y="0"/>
						</Offset>
					</Anchor>
				</Anchors>
			</Button>
			<Button name="DebuffFilter_FDebuffButton4" inherits="DebuffFilter_FDebuffButtonTemplate" id="4" hidden="true">
				<Anchors>
					<Anchor point="LEFT" relativeTo="DebuffFilter_FDebuffButton3" relativePoint="RIGHT">
						<Offset>
							<AbsDimension x="2" y="0"/>
						</Offset>
					</Anchor>
				</Anchors>
			</Button>
			<Button name="DebuffFilter_FDebuffButton5" inherits="DebuffFilter_FDebuffButtonTemplate" id="5" hidden="true">
				<Anchors>
					<Anchor point="LEFT" relativeTo="DebuffFilter_FDebuffButton4" relativePoint="RIGHT">
						<Offset>
							<AbsDimension x="2" y="0"/>
						</Offset>
					</Anchor>
				</Anchors>
			</Button>
			<Button name="DebuffFilter_FDebuffButton6" inherits="DebuffFilter_FDebuffButtonTemplate" id="6" hidden="true">
				<Anchors>
					<Anchor point="LEFT" relativeTo="DebuffFilter_FDebuffButton5" relativePoint="RIGHT">
						<Offset>
							<AbsDimension x="2" y="0"/>
						</Offset>
					</Anchor>
				</Anchors>
			</Button>
			<Button name="DebuffFilter_FDebuffButton7" inherits="DebuffFilter_FDebuffButtonTemplate" id="7" hidden="true">
				<Anchors>
					<Anchor point="LEFT" relativeTo="DebuffFilter_FDebuffButton6" relativePoint="RIGHT">
						<Offset>
							<AbsDimension x="2" y="0"/>
						</Offset>
					</Anchor>
				</Anchors>
			</Button>
			<Button name="DebuffFilter_FDebuffButton8" inherits="DebuffFilter_FDebuffButtonTemplate" id="8" hidden="true">
				<Anchors>
					<Anchor point="LEFT" relativeTo="DebuffFilter_FDebuffButton7" relativePoint="RIGHT">
						<Offset>
							<AbsDimension x="2" y="0"/>
						</Offset>
					</Anchor>
				</Anchors>
			</Button>
			<Button name="DebuffFilter_FDebuffButton9" inherits="DebuffFilter_FDebuffButtonTemplate" id="9" hidden="true">
				<Anchors>
					<Anchor point="LEFT" relativeTo="DebuffFilter_FDebuffButton8" relativePoint="RIGHT">
						<Offset>
							<AbsDimension x="2" y="0"/>
						</Offset>
					</Anchor>
				</Anchors>
			</Button>
			<Button name="DebuffFilter_FDebuffButton10" inherits="DebuffFilter_FDebuffButtonTemplate" id="10" hidden="true">
				<Anchors>
					<Anchor point="LEFT" relativeTo="DebuffFilter_FDebuffButton9" relativePoint="RIGHT">
						<Offset>
							<AbsDimension x="2" y="0"/>
						</Offset>
					</Anchor>
				</Anchors>
			</Button>
			<Button name="DebuffFilter_FDebuffButton11" inherits="DebuffFilter_FDebuffButtonTemplate" id="11" hidden="true">
				<Anchors>
					<Anchor point="LEFT" relativeTo="DebuffFilter_FDebuffButton10" relativePoint="RIGHT">
						<Offset>
							<AbsDimension x="2" y="0"/>
						</Offset>
					</Anchor>
				</Anchors>
			</Button>
			<Button name="DebuffFilter_FDebuffButton12" inherits="DebuffFilter_FDebuffButtonTemplate" id="12" hidden="true">
				<Anchors>
					<Anchor point="LEFT" relativeTo="DebuffFilter_FDebuffButton11" relativePoint="RIGHT">
						<Offset>
							<AbsDimension x="2" y="0"/>
						</Offset>
					</Anchor>
				</Anchors>
			</Button>
			<Button name="DebuffFilter_FDebuffButton13" inherits="DebuffFilter_FDebuffButtonTemplate" id="13" hidden="true">
				<Anchors>
					<Anchor point="LEFT" relativeTo="DebuffFilter_FDebuffButton12" relativePoint="RIGHT">
						<Offset>
							<AbsDimension x="2" y="0"/>
						</Offset>
					</Anchor>
				</Anchors>
			</Button>
			<Button name="DebuffFilter_FDebuffButton14" inherits="DebuffFilter_FDebuffButtonTemplate" id="14" hidden="true">
				<Anchors>
					<Anchor point="LEFT" relativeTo="DebuffFilter_FDebuffButton13" relativePoint="RIGHT">
						<Offset>
							<AbsDimension x="2" y="0"/>
						</Offset>
					</Anchor>
				</Anchors>
			</Button>
			<Button name="DebuffFilter_FDebuffButton15" inherits="DebuffFilter_FDebuffButtonTemplate" id="15" hidden="true">
				<Anchors>
					<Anchor point="LEFT" relativeTo="DebuffFilter_FDebuffButton14" relativePoint="RIGHT">
						<Offset>
							<AbsDimension x="2" y="0"/>
						</Offset>
					</Anchor>
				</Anchors>
			</Button>
			<Button name="DebuffFilter_FDebuffButton16" inherits="DebuffFilter_FDebuffButtonTemplate" id="16" hidden="true">
				<Anchors>
					<Anchor point="LEFT" relativeTo="DebuffFilter_FDebuffButton15" relativePoint="RIGHT">
						<Offset>
							<AbsDimension x="2" y="0"/>
						</Offset>
					</Anchor>
				</Anchors>
			</Button>
		</Frames>
	</Frame>
	<Frame name="DebuffFilter_FBuffFrame" parent="DebuffFilterFrame" frameStrata="LOW" toplevel="false" movable="true">
		<Size>
			<AbsDimension x="30" y="30"/>
		</Size>
		<Layers>
			<Layer level="OVERLAY">
				<FontString name="$parentCount" inherits="GameFontNormal" hidden="true">
					<Size>
						<AbsDimension x="30" y="12"/>
					</Size>
					<Anchors>
						<Anchor point="RIGHT" relativePoint="LEFT">
							<Offset>
								<AbsDimension x="0" y="0"/>
							</Offset>
						</Anchor>
					</Anchors>
				</FontString>
			</Layer>
		</Layers>
		<Anchors>
			<Anchor point="TOP" relativeTo="DebuffFilter_BuffFrame" relativePoint="BOTTOM">
				<Offset>
					<AbsDimension x="0" y="-30"/>
				</Offset>
			</Anchor>
		</Anchors>
		<Frames>
			<Button name="$parentBackdrop" inherits="DebuffFilter_BackdropTemplate" hidden="true">
				<Layers>
					<Layer level="ARTWORK">
						<FontString inherits="GameFontNormal" text="Friendly Buffs">
							<Size>
								<AbsDimension x="100" y="12"/>
							</Size>
							<Anchors>
								<Anchor point="TOP">
									<Offset>
										<AbsDimension x="0" y="15"/>
									</Offset>
								</Anchor>
							</Anchors>
						</FontString>
					</Layer>
				</Layers>
			</Button>
			<Button name="DebuffFilter_FBuffButton1" inherits="DebuffFilter_FBuffButtonTemplate" id="1" hidden="true">
				<Anchors>
					<Anchor point="LEFT">
						<Offset>
							<AbsDimension x="0" y="0"/>
						</Offset>
					</Anchor>
				</Anchors>
			</Button>
			<Button name="DebuffFilter_FBuffButton2" inherits="DebuffFilter_FBuffButtonTemplate" id="2" hidden="true">
				<Anchors>
					<Anchor point="LEFT" relativeTo="DebuffFilter_FBuffButton1" relativePoint="RIGHT">
						<Offset>
							<AbsDimension x="2" y="0"/>
						</Offset>
					</Anchor>
				</Anchors>
			</Button>
			<Button name="DebuffFilter_FBuffButton3" inherits="DebuffFilter_FBuffButtonTemplate" id="3" hidden="true">
				<Anchors>
					<Anchor point="LEFT" relativeTo="DebuffFilter_FBuffButton2" relativePoint="RIGHT">
						<Offset>
							<AbsDimension x="2" y="0"/>
						</Offset>
					</Anchor>
				</Anchors>
			</Button>
			<Button name="DebuffFilter_FBuffButton4" inherits="DebuffFilter_FBuffButtonTemplate" id="4" hidden="true">
				<Anchors>
					<Anchor point="LEFT" relativeTo="DebuffFilter_FBuffButton3" relativePoint="RIGHT">
						<Offset>
							<AbsDimension x="2" y="0"/>
						</Offset>
					</Anchor>
				</Anchors>
			</Button>
			<Button name="DebuffFilter_FBuffButton5" inherits="DebuffFilter_FBuffButtonTemplate" id="5" hidden="true">
				<Anchors>
					<Anchor point="LEFT" relativeTo="DebuffFilter_FBuffButton4" relativePoint="RIGHT">
						<Offset>
							<AbsDimension x="2" y="0"/>
						</Offset>
					</Anchor>
				</Anchors>
			</Button>
			<Button name="DebuffFilter_FBuffButton6" inherits="DebuffFilter_FBuffButtonTemplate" id="6" hidden="true">
				<Anchors>
					<Anchor point="LEFT" relativeTo="DebuffFilter_FBuffButton5" relativePoint="RIGHT">
						<Offset>
							<AbsDimension x="2" y="0"/>
						</Offset>
					</Anchor>
				</Anchors>
			</Button>
			<Button name="DebuffFilter_FBuffButton7" inherits="DebuffFilter_FBuffButtonTemplate" id="7" hidden="true">
				<Anchors>
					<Anchor point="LEFT" relativeTo="DebuffFilter_FBuffButton6" relativePoint="RIGHT">
						<Offset>
							<AbsDimension x="2" y="0"/>
						</Offset>
					</Anchor>
				</Anchors>
			</Button>
			<Button name="DebuffFilter_FBuffButton8" inherits="DebuffFilter_FBuffButtonTemplate" id="8" hidden="true">
				<Anchors>
					<Anchor point="LEFT" relativeTo="DebuffFilter_FBuffButton7" relativePoint="RIGHT">
						<Offset>
							<AbsDimension x="2" y="0"/>
						</Offset>
					</Anchor>
				</Anchors>
			</Button>
			<Button name="DebuffFilter_FBuffButton9" inherits="DebuffFilter_FBuffButtonTemplate" id="9" hidden="true">
				<Anchors>
					<Anchor point="LEFT" relativeTo="DebuffFilter_FBuffButton8" relativePoint="RIGHT">
						<Offset>
							<AbsDimension x="2" y="0"/>
						</Offset>
					</Anchor>
				</Anchors>
			</Button>
			<Button name="DebuffFilter_FBuffButton10" inherits="DebuffFilter_FBuffButtonTemplate" id="10" hidden="true">
				<Anchors>
					<Anchor point="LEFT" relativeTo="DebuffFilter_FBuffButton9" relativePoint="RIGHT">
						<Offset>
							<AbsDimension x="2" y="0"/>
						</Offset>
					</Anchor>
				</Anchors>
			</Button>
			<Button name="DebuffFilter_FBuffButton11" inherits="DebuffFilter_FBuffButtonTemplate" id="11" hidden="true">
				<Anchors>
					<Anchor point="LEFT" relativeTo="DebuffFilter_FBuffButton10" relativePoint="RIGHT">
						<Offset>
							<AbsDimension x="2" y="0"/>
						</Offset>
					</Anchor>
				</Anchors>
			</Button>
			<Button name="DebuffFilter_FBuffButton12" inherits="DebuffFilter_FBuffButtonTemplate" id="12" hidden="true">
				<Anchors>
					<Anchor point="LEFT" relativeTo="DebuffFilter_FBuffButton11" relativePoint="RIGHT">
						<Offset>
							<AbsDimension x="2" y="0"/>
						</Offset>
					</Anchor>
				</Anchors>
			</Button>
			<Button name="DebuffFilter_FBuffButton13" inherits="DebuffFilter_FBuffButtonTemplate" id="13" hidden="true">
				<Anchors>
					<Anchor point="LEFT" relativeTo="DebuffFilter_FBuffButton12" relativePoint="RIGHT">
						<Offset>
							<AbsDimension x="2" y="0"/>
						</Offset>
					</Anchor>
				</Anchors>
			</Button>
			<Button name="DebuffFilter_FBuffButton14" inherits="DebuffFilter_FBuffButtonTemplate" id="14" hidden="true">
				<Anchors>
					<Anchor point="LEFT" relativeTo="DebuffFilter_FBuffButton13" relativePoint="RIGHT">
						<Offset>
							<AbsDimension x="2" y="0"/>
						</Offset>
					</Anchor>
				</Anchors>
			</Button>
			<Button name="DebuffFilter_FBuffButton15" inherits="DebuffFilter_FBuffButtonTemplate" id="15" hidden="true">
				<Anchors>
					<Anchor point="LEFT" relativeTo="DebuffFilter_FBuffButton14" relativePoint="RIGHT">
						<Offset>
							<AbsDimension x="2" y="0"/>
						</Offset>
					</Anchor>
				</Anchors>
			</Button>
			<Button name="DebuffFilter_FBuffButton16" inherits="DebuffFilter_FBuffButtonTemplate" id="16" hidden="true">
				<Anchors>
					<Anchor point="LEFT" relativeTo="DebuffFilter_FBuffButton15" relativePoint="RIGHT">
						<Offset>
							<AbsDimension x="2" y="0"/>
						</Offset>
					</Anchor>
				</Anchors>
			</Button>
		</Frames>
	</Frame>
	<GameTooltip name="DebuffFilter_Tooltip" frameStrata="TOOLTIP" hidden="true" inherits="GameTooltipTemplate">
		<Scripts>
			<OnLoad>
				this:SetOwner(this, "ANCHOR_NONE")
			</OnLoad>
		</Scripts>
	</GameTooltip>
</Ui>