<Ui xmlns="http://www.blizzard.com/wow/ui/">
  <Include file="base.lua"/>
  <Include file="debug.lua"/>
  <Include file="changelog.lua"/>
  <Include file="savedvar.lua"/>

  <Include file="mods\util\package.lua"/>
  <Include file="mods\util\client.lua"/>
  <Include file="mods\util\compat.lua"/>
  <Include file="mods\util\table.lua"/>
  <Include file="mods\util\math.lua"/>
  <Include file="mods\util\string.lua"/>
  <Include file="mods\util\time.lua"/>
  <Include file="mods\util\money.lua"/>
  <Include file="mods\util\chat.lua"/>
  <Include file="mods\util\item_vanilla.lua"/>
  <Include file="mods\util\item_tbc.lua"/>
  <Include file="mods\util\item_wotlk.lua"/>
  <Include file="mods\util\bag.lua"/>
  <Include file="mods\util\group.lua"/>

  <Include file="mods\palette.lua"/>
  <Include file="mods\value\pricing.lua"/>
  <Include file="mods\value\vendor.lua"/>
  <Include file="mods\value\aux-addon.lua"/>
  <Include file="mods\value\auctioneer.lua"/>
  <Include file="mods\value\auctionator.lua"/>
  <Include file="mods\value\tsm.lua"/>
  <Include file="mods\value\options.lua"/>
  <Include file="mods\filter_groups.lua"/>
  <Include file="mods\filter.lua"/>
  <Include file="mods\notice.lua"/>
  <Include file="mods\session\base.lua"/>
  <Include file="mods\session\manage.lua"/>
  <Include file="mods\session\display.lua"/>
  <Include file="mods\session\options.lua"/>
  <Include file="mods\misc.lua"/>
  <Include file="mods\gui\gui.lua"/>
  <Include file="mods\gui\main.lua"/>
  <Include file="mods\gui\summary\core.lua"/>
  <Include file="mods\gui\summary\frame.lua"/>
  <Include file="mods\gui\items\core.lua"/>
  <Include file="mods\gui\items\frame.lua"/>
  <Include file="mods\gui\search\core.lua"/>
  <Include file="mods\gui\search\frame.lua"/>
  <Include file="mods\gui\sessions\core.lua"/>
  <Include file="mods\gui\sessions\frame.lua"/>
  <Include file="mods\gui\config.lua"/>
  <Include file="mods\gui\config\general\core.lua"/>
  <Include file="mods\gui\config\general\frame.lua"/>
  <Include file="mods\gui\config\notice\core.lua"/>
  <Include file="mods\gui\config\notice\frame.lua"/>
  <Include file="mods\gui\help.lua"/>
  <Include file="mods\gui\help\description.lua"/>
  <Include file="mods\gui\help\version.lua"/>
  <Include file="mods\gui\help\credits.lua"/>
  <Include file="mods\gui\minimap.lua"/>
  <Include file="mods\slashcmd.lua"/>
  
  <Include file="core.lua"/>
</Ui>
