<Ui xmlns="http://www.blizzard.com/wow/ui/"
    xmlns:xsi="http://www.w3.org/2001/XMLSchema-instance"
    xsi:schemaLocation="http://www.blizzard.com/wow/ui/ ..\FrameXML\UI.xsd">

 <!-- Frame that handles core events -->
 <Frame name="MSBTEventFrame">
  <Scripts>
   <OnEvent>MikSBT.OnEvent();</OnEvent>
   <OnLoad>MikSBT.OnLoad();</OnLoad>
   <OnUpdate>MikSBT.OnUpdate();</OnUpdate>
  </Scripts>
 </Frame>

 <!-- Tooltip -->
 <GameTooltip name="MSBT_Tooltip" frameStrata="TOOLTIP" hidden="true" parent="UIParent" inherits="GameTooltipTemplate">
		<Scripts>
			<OnLoad>
		this:SetOwner(WorldFrame, "ANCHOR_NONE");
			</OnLoad>
		</Scripts>
 </GameTooltip>
 
 <!-- Incoming Scroll Area -->
 <Frame name="MSBTFrameIncoming" toplevel="true" enableMouse="false" parent="UIParent" frameStrata="HIGH" hidden="true">
  <Size>
   <AbsDimension x="24" y="24" />
  </Size>
  <Anchors>
   <Anchor point="BOTTOM" relativePoint="CENTER" relativeTo="UIParent">
    <Offset>
     <AbsDimension x="-60" y="-160" />
    </Offset>
   </Anchor>
  </Anchors>
  <Layers>
   <Layer level="ARTWORK">
    <FontString name="$parentText1" inherits="MasterFont">
     <Anchors>
      <Anchor point="BOTTOMRIGHT" />
     </Anchors>
    </FontString>
    <FontString name="$parentText2" inherits="MasterFont">
     <Anchors>
      <Anchor point="BOTTOMRIGHT" />
     </Anchors>
    </FontString>
    <FontString name="$parentText3" inherits="MasterFont">
     <Anchors>
      <Anchor point="BOTTOMRIGHT" />
     </Anchors>
    </FontString>
    <FontString name="$parentText4" inherits="MasterFont">
     <Anchors>
      <Anchor point="BOTTOMRIGHT" />
     </Anchors>
    </FontString>
    <FontString name="$parentText5" inherits="MasterFont">
     <Anchors>
      <Anchor point="BOTTOMRIGHT" />
     </Anchors>
    </FontString>
    <FontString name="$parentText6" inherits="MasterFont">
     <Anchors>
      <Anchor point="BOTTOMRIGHT" />
     </Anchors>
    </FontString>
    <FontString name="$parentText7" inherits="MasterFont">
     <Anchors>
      <Anchor point="BOTTOMRIGHT" />
     </Anchors>
    </FontString>
    <FontString name="$parentText8" inherits="MasterFont">
     <Anchors>
      <Anchor point="BOTTOMRIGHT" />
     </Anchors>
    </FontString>
    <FontString name="$parentText9" inherits="MasterFont">
     <Anchors>
      <Anchor point="BOTTOMRIGHT" />
     </Anchors>
    </FontString>
    <FontString name="$parentText10" inherits="MasterFont">
     <Anchors>
      <Anchor point="BOTTOMRIGHT" />
     </Anchors>
    </FontString>
    <FontString name="$parentText11" inherits="MasterFont">
     <Anchors>
      <Anchor point="BOTTOMRIGHT" />
     </Anchors>
    </FontString>
    <FontString name="$parentText12" inherits="MasterFont">
     <Anchors>
      <Anchor point="BOTTOMRIGHT" />
     </Anchors>
    </FontString>
    <FontString name="$parentText13" inherits="MasterFont">
     <Anchors>
      <Anchor point="BOTTOMRIGHT" />
     </Anchors>
    </FontString>
    <FontString name="$parentText14" inherits="MasterFont">
     <Anchors>
      <Anchor point="BOTTOMRIGHT" />
     </Anchors>
    </FontString>
    <FontString name="$parentText15" inherits="MasterFont">
     <Anchors>
      <Anchor point="BOTTOMRIGHT" />
     </Anchors>
    </FontString>
	<FontString name="$parentText16" inherits="MasterFont">
     <Anchors>
      <Anchor point="BOTTOMRIGHT" />
     </Anchors>
    </FontString>
	<FontString name="$parentText17" inherits="MasterFont">
     <Anchors>
      <Anchor point="BOTTOMRIGHT" />
     </Anchors>
    </FontString>
	<FontString name="$parentText18" inherits="MasterFont">
     <Anchors>
      <Anchor point="BOTTOMRIGHT" />
     </Anchors>
    </FontString>
	<FontString name="$parentText19" inherits="MasterFont">
     <Anchors>
      <Anchor point="BOTTOMRIGHT" />
     </Anchors>
    </FontString>
	<FontString name="$parentText20" inherits="MasterFont">
     <Anchors>
      <Anchor point="BOTTOMRIGHT" />
     </Anchors>
    </FontString>
   </Layer>
  </Layers>
  <Scripts>
   <OnUpdate>MikSBT.OnUpdateAnimationFrame(this);</OnUpdate>
  </Scripts>
 </Frame>

 <!-- Notification Scroll Area -->
 <Frame name="MSBTFrameNotification" toplevel="true" enableMouse="false" parent="UIParent" frameStrata="HIGH" hidden="true">
  <Size>
   <AbsDimension x="24" y="25" />
  </Size>
  <Anchors>
   <Anchor point="BOTTOM" relativePoint="CENTER" relativeTo="UIParent">
    <Offset>
     <AbsDimension x="0" y="100" />
    </Offset>
   </Anchor>
  </Anchors>
  <Layers>
   <Layer level="ARTWORK">
    <FontString name="$parentText1" inherits="MasterFont">
     <Anchors>
      <Anchor point="BOTTOM" />
     </Anchors>
    </FontString>
    <FontString name="$parentText2" inherits="MasterFont">
     <Anchors>
      <Anchor point="BOTTOM" />
     </Anchors>
    </FontString>
    <FontString name="$parentText3" inherits="MasterFont">
     <Anchors>
      <Anchor point="BOTTOM" />
     </Anchors>
    </FontString>
    <FontString name="$parentText4" inherits="MasterFont">
     <Anchors>
      <Anchor point="BOTTOM" />
     </Anchors>
    </FontString>
    <FontString name="$parentText5" inherits="MasterFont">
     <Anchors>
      <Anchor point="BOTTOM" />
     </Anchors>
    </FontString>
    <FontString name="$parentText6" inherits="MasterFont">
     <Anchors>
      <Anchor point="BOTTOM" />
     </Anchors>
    </FontString>
    <FontString name="$parentText7" inherits="MasterFont">
     <Anchors>
      <Anchor point="BOTTOM" />
     </Anchors>
    </FontString>
    <FontString name="$parentText8" inherits="MasterFont">
     <Anchors>
      <Anchor point="BOTTOM" />
     </Anchors>
    </FontString>
    <FontString name="$parentText9" inherits="MasterFont">
     <Anchors>
      <Anchor point="BOTTOM" />
     </Anchors>
    </FontString>
    <FontString name="$parentText10" inherits="MasterFont">
     <Anchors>
      <Anchor point="BOTTOM" />
     </Anchors>
    </FontString>
    <FontString name="$parentText11" inherits="MasterFont">
     <Anchors>
      <Anchor point="BOTTOM" />
     </Anchors>
    </FontString>
    <FontString name="$parentText12" inherits="MasterFont">
     <Anchors>
      <Anchor point="BOTTOM" />
     </Anchors>
    </FontString>
    <FontString name="$parentText13" inherits="MasterFont">
     <Anchors>
      <Anchor point="BOTTOM" />
     </Anchors>
    </FontString>
    <FontString name="$parentText14" inherits="MasterFont">
     <Anchors>
      <Anchor point="BOTTOM" />
     </Anchors>
    </FontString>
    <FontString name="$parentText15" inherits="MasterFont">
     <Anchors>
      <Anchor point="BOTTOM" />
     </Anchors>
    </FontString>
	<FontString name="$parentText16" inherits="MasterFont">
     <Anchors>
      <Anchor point="BOTTOM" />
     </Anchors>
    </FontString>
	<FontString name="$parentText17" inherits="MasterFont">
     <Anchors>
      <Anchor point="BOTTOM" />
     </Anchors>
    </FontString>
	<FontString name="$parentText18" inherits="MasterFont">
     <Anchors>
      <Anchor point="BOTTOM" />
     </Anchors>
    </FontString>
	<FontString name="$parentText19" inherits="MasterFont">
     <Anchors>
      <Anchor point="BOTTOM" />
     </Anchors>
    </FontString>
	<FontString name="$parentText20" inherits="MasterFont">
     <Anchors>
      <Anchor point="BOTTOM" />
     </Anchors>
    </FontString>
   </Layer>
  </Layers>
  <Scripts>
   <OnUpdate>MikSBT.OnUpdateAnimationFrame(this);</OnUpdate>
  </Scripts>
 </Frame>

 <!-- Outgoing Scroll Area -->
 <Frame name="MSBTFrameOutgoing" toplevel="true" enableMouse="false" parent="UIParent" frameStrata="HIGH" hidden="true">
  <Size>
   <AbsDimension x="24" y="24" />
  </Size>
  <Anchors>
   <Anchor point="BOTTOM" relativePoint="CENTER" relativeTo="UIParent">
    <Offset>
     <AbsDimension x="60" y="-160" />
    </Offset>
   </Anchor>
  </Anchors>
  <Layers>
   <Layer level="ARTWORK">
    <FontString name="$parentText1" inherits="MasterFont">
     <Anchors>
      <Anchor point="BOTTOMLEFT" />
     </Anchors>
    </FontString>
    <FontString name="$parentText2" inherits="MasterFont">
     <Anchors>
      <Anchor point="BOTTOMLEFT" />
     </Anchors>
    </FontString>
    <FontString name="$parentText3" inherits="MasterFont">
     <Anchors>
      <Anchor point="BOTTOMLEFT" />
     </Anchors>
    </FontString>
    <FontString name="$parentText4" inherits="MasterFont">
     <Anchors>
      <Anchor point="BOTTOMLEFT" />
     </Anchors>
    </FontString>
    <FontString name="$parentText5" inherits="MasterFont">
     <Anchors>
      <Anchor point="BOTTOMLEFT" />
     </Anchors>
    </FontString>
    <FontString name="$parentText6" inherits="MasterFont">
     <Anchors>
      <Anchor point="BOTTOMLEFT" />
     </Anchors>
    </FontString>
    <FontString name="$parentText7" inherits="MasterFont">
     <Anchors>
      <Anchor point="BOTTOMLEFT" />
     </Anchors>
    </FontString>
    <FontString name="$parentText8" inherits="MasterFont">
     <Anchors>
      <Anchor point="BOTTOMLEFT" />
     </Anchors>
    </FontString>
    <FontString name="$parentText9" inherits="MasterFont">
     <Anchors>
      <Anchor point="BOTTOMLEFT" />
     </Anchors>
    </FontString>
    <FontString name="$parentText10" inherits="MasterFont">
     <Anchors>
      <Anchor point="BOTTOMLEFT" />
     </Anchors>
    </FontString>
    <FontString name="$parentText11" inherits="MasterFont">
     <Anchors>
      <Anchor point="BOTTOM" />
     </Anchors>
    </FontString>
    <FontString name="$parentText12" inherits="MasterFont">
     <Anchors>
      <Anchor point="BOTTOMLEFT" />
     </Anchors>
    </FontString>
    <FontString name="$parentText13" inherits="MasterFont">
     <Anchors>
      <Anchor point="BOTTOMLEFT" />
     </Anchors>
    </FontString>
    <FontString name="$parentText14" inherits="MasterFont">
     <Anchors>
      <Anchor point="BOTTOMLEFT" />
     </Anchors>
    </FontString>
    <FontString name="$parentText15" inherits="MasterFont">
     <Anchors>
      <Anchor point="BOTTOMLEFT" />
     </Anchors>
    </FontString>
	<FontString name="$parentText16" inherits="MasterFont">
     <Anchors>
      <Anchor point="BOTTOMLEFT" />
     </Anchors>
    </FontString>
	<FontString name="$parentText17" inherits="MasterFont">
     <Anchors>
      <Anchor point="BOTTOMLEFT" />
     </Anchors>
    </FontString>
	<FontString name="$parentText18" inherits="MasterFont">
     <Anchors>
      <Anchor point="BOTTOMLEFT" />
     </Anchors>
    </FontString>
	<FontString name="$parentText19" inherits="MasterFont">
     <Anchors>
      <Anchor point="BOTTOMLEFT" />
     </Anchors>
    </FontString>
	<FontString name="$parentText20" inherits="MasterFont">
     <Anchors>
      <Anchor point="BOTTOMLEFT" />
     </Anchors>
    </FontString>
   </Layer>
  </Layers>
  <Scripts>
   <OnUpdate>MikSBT.OnUpdateAnimationFrame(this);</OnUpdate>
  </Scripts>
 </Frame>
</Ui>