<Bindings>
	<Binding name="AUTOBAR_CONFIG" header="AUTOBAR_SEP"> 
		AutoBar_ToggleConfig();	
	</Binding>
	<Binding name="AUTOBAR_BUTTON1"> AutoBar_UseButton(1); </Binding>
	<Binding name="AUTOBAR_BUTTON2"> AutoBar_UseButton(2); </Binding>
	<Binding name="AUTOBAR_BUTTON3"> AutoBar_UseButton(3); </Binding>
	<Binding name="AUTOBAR_BUTTON4"> AutoBar_UseButton(4); </Binding>
	<Binding name="AUTOBAR_BUTTON5"> AutoBar_UseButton(5); </Binding>
	<Binding name="AUTOBAR_BUTTON6"> AutoBar_UseButton(6); </Binding>
	<Binding name="AUTOBAR_BUTTON7"> AutoBar_UseButton(7); </Binding>
	<Binding name="AUTOBAR_BUTTON8"> AutoBar_UseButton(8); </Binding>
	<Binding name="AUTOBAR_BUTTON9"> AutoBar_UseButton(9); </Binding>
	<Binding name="AUTOBAR_BUTTON10"> AutoBar_UseButton(10); </Binding>
	<Binding name="AUTOBAR_BUTTON11"> AutoBar_UseButton(11); </Binding>
	<Binding name="AUTOBAR_BUTTON12"> AutoBar_UseButton(12); </Binding>
</Bindings>
