﻿<Ui xmlns="http://www.blizzard.com/wow/ui/" xmlns:xsi="http://www.w3.org/2001/XMLSchema-instance" xsi:schemaLocation="http://www.blizzard.com/wow/ui/
..\UI.xsd">
	<!-- Template for the Okay and Cancel buttons -->
	<Button name="BuyEmAllButtonTemplate" inherits="UIPanelButtonTemplate" virtual="true">
		<Size x="64" y="24"/>
		<Scripts>
			<OnClick>
				BuyEmAll:OnClick()
			</OnClick>
		</Scripts>
	</Button>

	<!-- Template for the max and stack buttons -->
	<Button name="BuyEmAllTooltipButtonTemplate" inherits="BuyEmAllButtonTemplate" virtual="true">
		<Scripts>
			<OnEnter>
				BuyEmAll:OnEnter()
			</OnEnter>
			<OnLeave>
				BuyEmAll:OnLeave()
			</OnLeave>
		</Scripts>
	</Button>

	<Frame name="BuyEmAllFrame" frameStrata="HIGH" parent="UIParent" toplevel="true" enableMouse="true" enableKeyboard="true" hidden="true">
		<Size x="172" y="134"/>
		<Layers>
			<Layer level="BACKGROUND">
				<!-- The top border of the money frame. -->
				<Texture name="$parentTopTex" file="Interface\MoneyFrame\UI-MoneyFrame2">
					<Size x="172" y="14"/>
					<Anchors>
						<Anchor point="TOP"/>
					</Anchors>
					<TexCoords left="0" right="0.671875" top="0" bottom=".109375"/>
				</Texture>

				<!-- The bottom border -->
				<Texture name="$parentBottomTex" file="Interface\MoneyFrame\UI-MoneyFrame2">
					<Size x="172" y="20"/>
					<Anchors>
						<Anchor point="BOTTOM"/>
					</Anchors>
					<TexCoords left="0" right="0.671875" top=".59375" bottom=".75"/>
				</Texture>

				<!-- The background behind the buttons -->
				<Texture name="$parentBackTex" file="Interface\MoneyFrame\UI-MoneyFrame2">
					<Anchors>
						<Anchor point="TOPLEFT" relativePoint="BOTTOMLEFT" relativeTo="$parentTopTex"/>
						<Anchor point="BOTTOMRIGHT" relativePoint="TOPRIGHT" relativeTo="$parentBottomTex"/>
					</Anchors>
					<TexCoords left="0" right="0.671875" top=".109375" bottom=".59375"/>
				</Texture>
			</Layer>
			<Layer level="BORDER">
				<!-- The actual box where the amount you will be buying goes -->
				<Texture name="$parentMoneyTex" file="Interface\MoneyFrame\UI-MoneyFrame">
					<Size x="121" y="33"/>
					<Anchors>
						<Anchor point="TOP">
							<Offset x="1" y="-14"/>
						</Anchor>
					</Anchors>
					<TexCoords left=".10546875" right="0.578125" top=".109375" bottom=".3671875"/>
				</Texture>

				<!-- This is the number that goes inside $parentMoneyTex -->
				<FontString name="BuyEmAllText" inherits="GameFontHighlight" justifyH="RIGHT">
					<Anchors>
						<Anchor point="RIGHT" relativeTo="$parentMoneyTex">
							<Offset x="-12" y="2"/>
						</Anchor>
					</Anchors>
				</FontString>
			</Layer>
		</Layers>
		<Frames>
			<!-- These are the left and right arrows used for changing the amount -->
			<Button name="BuyEmAllLeftButton">
				<Size x="16" y="16"/>
				<Anchors>
					<Anchor point="TOPRIGHT" relativePoint="TOP" relativeTo="$parentMoneyTex">
						<Offset x="-60" y="-8"/>
					</Anchor>
				</Anchors>
				<Scripts>
					<OnClick>
						BuyEmAll:Left_Click();
					</OnClick>
				</Scripts>
				<NormalTexture file="Interface\MoneyFrame\Arrow-Left-Up"/>
				<PushedTexture file="Interface\MoneyFrame\Arrow-Left-Down"/>
				<DisabledTexture file="Interface\MoneyFrame\Arrow-Left-Disabled"/>
			</Button>
			<Button name="BuyEmAllRightButton">
				<Size x="16" y="16"/>
				<Anchors>
					<Anchor point="TOPLEFT" relativePoint="TOP" relativeTo="$parentMoneyTex">
						<Offset x="63" y="-8"/>
					</Anchor>
				</Anchors>
				<Scripts>
					<OnClick>
						BuyEmAll:Right_Click();
					</OnClick>
				</Scripts>
				<NormalTexture file="Interface\MoneyFrame\Arrow-Right-Up"/>
				<PushedTexture file="Interface\MoneyFrame\Arrow-Right-Down"/>
				<DisabledTexture file="Interface\MoneyFrame\Arrow-Right-Disabled"/>
			</Button>

			<!-- The money frame where the cost of the purchase is displayed -->
			<Frame name="BuyEmAllMoneyFrame" inherits="SmallMoneyFrameTemplate">
				<Size x="120" y="24"/>
				<Anchors>
					<Anchor point="TOP" relativePoint="BOTTOM" relativeTo="$parentMoneyTex">
						<Offset x="7" y="2"/>
					</Anchor>
				</Anchors>
				<Scripts>
					<OnLoad>
						BuyEmAll:MoneyFrame_OnLoad()
					</OnLoad>
				</Scripts>
			</Frame>

			<Button name="BuyEmAllOkayButton" inherits="BuyEmAllButtonTemplate" text="OKAY">
				<Anchors>
					<Anchor point="RIGHT" relativePoint="BOTTOM">
						<Offset x="-3" y="30"/>
					</Anchor>
				</Anchors>
			</Button>
			<Button name="BuyEmAllCancelButton" inherits="BuyEmAllButtonTemplate" text="CANCEL">
				<Anchors>
					<Anchor point="LEFT" relativePoint="BOTTOM">
						<Offset x="5" y="30"/>
					</Anchor>
				</Anchors>
			</Button>

			<!-- The Max and Stack buttons -->
			<Button name="BuyEmAllStackButton" inherits="BuyEmAllTooltipButtonTemplate" text="BUYEMALL_STACK">
				<Anchors>
					<Anchor point="BOTTOM" relativePoint="TOP" relativeTo="BuyEmAllOkayButton">
						<Offset x="0" y="2"/>
					</Anchor>
				</Anchors>
			</Button>
			<Button name="BuyEmAllMaxButton" inherits="BuyEmAllTooltipButtonTemplate" text="BUYEMALL_MAX">
				<Anchors>
					<Anchor point="BOTTOM" relativePoint="TOP" relativeTo="BuyEmAllCancelButton">
						<Offset x="0" y="2"/>
					</Anchor>
				</Anchors>
			</Button>
		</Frames>
		<Scripts>
			<OnHide>
				BuyEmAll:OnHide();
			</OnHide>
			<OnChar>
				BuyEmAll:OnChar();
			</OnChar>
			<OnKeyDown>
				BuyEmAll:OnKeyDown();
			</OnKeyDown>
		</Scripts>
	</Frame>
</Ui>
