<Ui xmlns="http://www.blizzard.com/wow/ui/"
xmlns:xsi="http://www.w3.org/2001/XMLSchema-instance"
xsi:schemaLocation="http://www.blizzard.com/wow/ui/ ..\FrameXML\UI.xsd">

<Script file="localization.lua"/>
<Script file="localization.de.lua"/>
<Script file="localization.fr.lua"/>
<Script file="ntmysFixLoadingTimes.lua"/>


<Frame name="ntmysFLT_Frame" hidden="true">
	<Scripts>
		<OnLoad>
			ntmysFLT_OnLoad();
		</OnLoad>
		<OnEvent>
			ntmysFLT_OnEvent();
		</OnEvent>
	</Scripts>
</Frame>

</Ui>