<Bindings>
   	<Binding name="SOULSTONE" header="NECRO_BIND">
   			Necrosis_UseItem("Soulstone");
   	</Binding>
   	<Binding name="HEALTHSTONE" header="NECRO_BIND">
    		Necrosis_UseItem("Healthstone");
   	</Binding>
   	<Binding name="SPELLSTONE" header="NECRO_BIND">
    		Necrosis_UseItem("Spellstone", "Binding");
   	</Binding>
   	<Binding name="FIRESTONE" header="NECRO_BIND">
    		Necrosis_UseItem("Firestone");
   	</Binding>
	<Binding name="STEED" header="NECRO_BIND">
    		Necrosis_UseItem("Mount");
   	</Binding>
	<Binding name="WARD" header="NECRO_BIND">
			Necrosis_BuffCast(43);
    </Binding>
</Bindings>
