<!-- zBar Bindings -->
<Bindings>
	<Binding name="ACTIONBUTTON109" header="ZBAR" runOnUp="true">zBar_OnHotkey(1,1)</Binding>
	<Binding name="ACTIONBUTTON110" runOnUp="true">zBar_OnHotkey(1,2)</Binding>
	<Binding name="ACTIONBUTTON111" runOnUp="true">zBar_OnHotkey(1,3)</Binding>
	<Binding name="ACTIONBUTTON112" runOnUp="true">zBar_OnHotkey(1,4)</Binding>
	<Binding name="ACTIONBUTTON113" runOnUp="true">zBar_OnHotkey(1,5)</Binding>
	<Binding name="ACTIONBUTTON114" runOnUp="true">zBar_OnHotkey(1,6)</Binding>
	<Binding name="ACTIONBUTTON115" runOnUp="true">zBar_OnHotkey(1,7)</Binding>
	<Binding name="ACTIONBUTTON116" runOnUp="true">zBar_OnHotkey(1,8)</Binding>
	<Binding name="ACTIONBUTTON117" runOnUp="true">zBar_OnHotkey(1,9)</Binding>
	<Binding name="ACTIONBUTTON118" runOnUp="true">zBar_OnHotkey(1,10)</Binding>
	<Binding name="ACTIONBUTTON119" runOnUp="true">zBar_OnHotkey(1,11)</Binding>
	<Binding name="ACTIONBUTTON120" runOnUp="true">zBar_OnHotkey(1,12)</Binding>
	<Binding name="ACTIONBUTTON97" runOnUp="true" header=" ">zBar_OnHotkey(2,1)</Binding>
	<Binding name="ACTIONBUTTON98" runOnUp="true">zBar_OnHotkey(2,2)</Binding>
	<Binding name="ACTIONBUTTON99" runOnUp="true">zBar_OnHotkey(2,3)</Binding>
	<Binding name="ACTIONBUTTON100" runOnUp="true">zBar_OnHotkey(2,4)</Binding>
	<Binding name="ACTIONBUTTON101" runOnUp="true">zBar_OnHotkey(2,5)</Binding>
	<Binding name="ACTIONBUTTON102" runOnUp="true">zBar_OnHotkey(2,6)</Binding>
	<Binding name="ACTIONBUTTON103" runOnUp="true">zBar_OnHotkey(2,7)</Binding>
	<Binding name="ACTIONBUTTON104" runOnUp="true">zBar_OnHotkey(2,8)</Binding>
	<Binding name="ACTIONBUTTON105" runOnUp="true">zBar_OnHotkey(2,9)</Binding>
	<Binding name="ACTIONBUTTON106" runOnUp="true">zBar_OnHotkey(2,10)</Binding>
	<Binding name="ACTIONBUTTON107" runOnUp="true">zBar_OnHotkey(2,11)</Binding>
	<Binding name="ACTIONBUTTON108" runOnUp="true">zBar_OnHotkey(2,12)</Binding>
	<Binding name="ACTIONBUTTON85" runOnUp="true" header="  ">zBar_OnHotkey(3,1)</Binding>
	<Binding name="ACTIONBUTTON86" runOnUp="true">zBar_OnHotkey(3,2)</Binding>
	<Binding name="ACTIONBUTTON87" runOnUp="true">zBar_OnHotkey(3,3)</Binding>
	<Binding name="ACTIONBUTTON88" runOnUp="true">zBar_OnHotkey(3,4)</Binding>
	<Binding name="ACTIONBUTTON89" runOnUp="true">zBar_OnHotkey(3,5)</Binding>
	<Binding name="ACTIONBUTTON90" runOnUp="true">zBar_OnHotkey(3,6)</Binding>
	<Binding name="ACTIONBUTTON91" runOnUp="true">zBar_OnHotkey(3,7)</Binding>
	<Binding name="ACTIONBUTTON92" runOnUp="true">zBar_OnHotkey(3,8)</Binding>
	<Binding name="ACTIONBUTTON93" runOnUp="true">zBar_OnHotkey(3,9)</Binding>
	<Binding name="ACTIONBUTTON94" runOnUp="true">zBar_OnHotkey(3,10)</Binding>
	<Binding name="ACTIONBUTTON95" runOnUp="true">zBar_OnHotkey(3,11)</Binding>
	<Binding name="ACTIONBUTTON96" runOnUp="true">zBar_OnHotkey(3,12)</Binding>
	<Binding name="ACTIONBUTTON73" runOnUp="true" header="   ">zBar_OnHotkey(4,1)</Binding>
	<Binding name="ACTIONBUTTON74" runOnUp="true">zBar_OnHotkey(4,2)</Binding>
	<Binding name="ACTIONBUTTON75" runOnUp="true">zBar_OnHotkey(4,3)</Binding>
	<Binding name="ACTIONBUTTON76" runOnUp="true">zBar_OnHotkey(4,4)</Binding>
	<Binding name="ACTIONBUTTON77" runOnUp="true">zBar_OnHotkey(4,5)</Binding>
	<Binding name="ACTIONBUTTON78" runOnUp="true">zBar_OnHotkey(4,6)</Binding>
	<Binding name="ACTIONBUTTON79" runOnUp="true">zBar_OnHotkey(4,7)</Binding>
	<Binding name="ACTIONBUTTON80" runOnUp="true">zBar_OnHotkey(4,8)</Binding>
	<Binding name="ACTIONBUTTON81" runOnUp="true">zBar_OnHotkey(4,9)</Binding>
	<Binding name="ACTIONBUTTON82" runOnUp="true">zBar_OnHotkey(4,10)</Binding>
	<Binding name="ACTIONBUTTON83" runOnUp="true">zBar_OnHotkey(4,11)</Binding>
	<Binding name="ACTIONBUTTON84" runOnUp="true">zBar_OnHotkey(4,12)</Binding>
	<Binding name="ACTIONBUTTON13" runOnUp="true" header="    ">zBar_OnHotkey(9,1)</Binding>
	<Binding name="ACTIONBUTTON14" runOnUp="true">zBar_OnHotkey(9,2)</Binding>
	<Binding name="ACTIONBUTTON15" runOnUp="true">zBar_OnHotkey(9,3)</Binding>
	<Binding name="ACTIONBUTTON16" runOnUp="true">zBar_OnHotkey(9,4)</Binding>
	<Binding name="ACTIONBUTTON17" runOnUp="true">zBar_OnHotkey(9,5)</Binding>
	<Binding name="ACTIONBUTTON18" runOnUp="true">zBar_OnHotkey(9,6)</Binding>
	<Binding name="ACTIONBUTTON19" runOnUp="true">zBar_OnHotkey(9,7)</Binding>
	<Binding name="ACTIONBUTTON20" runOnUp="true">zBar_OnHotkey(9,8)</Binding>
	<Binding name="ACTIONBUTTON21" runOnUp="true">zBar_OnHotkey(9,9)</Binding>
	<Binding name="ACTIONBUTTON22" runOnUp="true">zBar_OnHotkey(9,10)</Binding>
	<Binding name="ACTIONBUTTON23" runOnUp="true">zBar_OnHotkey(9,11)</Binding>
	<Binding name="ACTIONBUTTON24" runOnUp="true">zBar_OnHotkey(9,12)</Binding>
</Bindings>
