<?xml version="1.0" encoding="UTF-8"?>
<Ui xmlns="http://www.blizzard.com/wow/ui/" xmlns:xsi="http://www.w3.org/2001/XMLSchema-instance" xsi:schemaLocation="http://www.blizzard.com/wow/ui/ ..\..\UI.xsd">
	<Script file="zBarOption.lua"/>
	<CheckButton name="zBarOptionRadioButtonTemplate" virtual="true">
		<Size x="16" y="16"/>
		<HitRectInsets left="0" right="-40" top="0" bottom="0"/>
		<Scripts>
			<OnClick>zBarRadioButton_OnClick()</OnClick>
		</Scripts>
		<ButtonText>
			<Anchors>
				<Anchor point="LEFT" relativePoint="RIGHT"/>
			</Anchors>
		</ButtonText>
		<NormalFont inherits="GameFontNormalSmall"/>
		<HighlightFont inherits="GameFontHighlightSmall"/>
		<DisabledFont inherits="GameFontDarkGraySmall"/>
		<NormalTexture file="Interface\Buttons\UI-RadioButton">
			<TexCoords left="0" right="0.25" top="0" bottom="1"/>
		</NormalTexture>
		<CheckedTexture file="Interface\Buttons\UI-RadioButton" alphaMode="ADD">
			<TexCoords left="0.5" right="0.75" top="0" bottom="1"/>
		</CheckedTexture>
	</CheckButton>
	<CheckButton name="zBarOptionCheckButtonTemplate" virtual="true">
		<Size x="22" y="22"/>
		<HitRectInsets>
			<AbsInset left="0" right="-30" top="0" bottom="0"/>
		</HitRectInsets>
		<Scripts>
			<OnClick>zBarCheckButton_OnClick()</OnClick>
			<OnEnter>
				if ( this.tooltipText ) then
					GameTooltip:SetOwner(this, "ANCHOR_RIGHT");
					GameTooltip:SetText(this.tooltipText, nil, nil, nil, nil, 1);
				end
				if ( this.tooltipRequirement ) then
					GameTooltip:AddLine(this.tooltipRequirement, "", 1.0, 1.0, 1.0);
					GameTooltip:Show();
				end
			</OnEnter>
			<OnLeave>
				GameTooltip:Hide();
			</OnLeave>
		</Scripts>
		<ButtonText>
			<Anchors>
				<Anchor point="LEFT" relativePoint="RIGHT"/>
			</Anchors>
		</ButtonText>
		<NormalFont inherits="GameFontGreenSmall"/>
		<HighlightFont inherits="GameFontHighlightSmall"/>
		<DisabledFont inherits="GameFontDarkGraySmall"/>
		<NormalTexture file="Interface\Buttons\UI-CheckBox-Up"/>
		<PushedTexture file="Interface\Buttons\UI-CheckBox-Down"/>
		<HighlightTexture file="Interface\Buttons\UI-CheckBox-Highlight" alphaMode="ADD"/>
		<CheckedTexture file="Interface\Buttons\UI-CheckBox-Check"/>
		<DisabledCheckedTexture file="Interface\Buttons\UI-CheckBox-Check-Disabled"/>
	</CheckButton>
	<Frame name="zBarOption" parent="UIParent" frameStrata="DIALOG" toplevel="true" movable="true" clampedToScreen="true" hidden="true">
		<Size x="315" y="335"/>
		<Anchors>
			<Anchor point="CENTER"/>
		</Anchors>
		<Backdrop bgFile="Interface\Tooltips\UI-Tooltip-Background" edgeFile="Interface\Tooltips\UI-Tooltip-Border" tile="true">
			<BackgroundInsets top="5" bottom="5" left="5" right="5"/>
			<EdgeSize val="16"/>
			<TileSize val="16"/>
		</Backdrop>
		<Layers>
			<Layer level="ARTWORK">
				<FontString name="$parentLable" inherits="SystemFont" text="ZBAROPTION_TITLE">
					<Anchors>
						<Anchor point="TOP">
							<Offset x="0" y="-10"/>
						</Anchor>
					</Anchors>
					<Color r="0.12" g="0.66" b="1"/>
				</FontString>
				<FontString name="$parentSelectBar" inherits="GameFontNormalSmall" text="ZBAROPTION_SELECTBAR">
					<Anchors>
						<Anchor point="TOPLEFT">
							<Offset x="10" y="-30"/>
						</Anchor>
					</Anchors>
				</FontString>
				<FontString name="$parentAttribute" inherits="GameFontNormalSmall" text="ZBAROPTION_ATTRIBUTE">
					<Anchors>
						<Anchor point="TOPLEFT">
							<Offset x="10" y="-120"/>
						</Anchor>
					</Anchors>
				</FontString>
			</Layer>
		</Layers>
		<Frames>
			<Button name="$parentCloseButton">
				<Size x="32" y="32"/>
				<Anchors>
					<Anchor point="TOPRIGHT">
						<Offset x="0" y="0"/>
					</Anchor>
				</Anchors>
				<Scripts>
					<OnClick>this:GetParent():Hide()</OnClick>
				</Scripts>
				<NormalTexture file="Interface\Buttons\UI-Panel-MinimizeButton-Up"/>
				<PushedTexture file="Interface\Buttons\UI-Panel-MinimizeButton-Down"/>
				<HighlightTexture file="Interface\Buttons\UI-Panel-MinimizeButton-Highlight" alphaMode="ADD"/>
			</Button>
			<!-- 选择动作条 -->
			<CheckButton name="$parentBar1" inherits="zBarOptionRadioButtonTemplate" id="1">
				<Anchors>
					<Anchor point="TOPLEFT" relativeTo="$parentSelectBar" relativePoint="BOTTOMLEFT">
						<Offset x="0" y="-5"/>
					</Anchor>
				</Anchors>
			</CheckButton>
			<CheckButton name="$parentBar2" inherits="zBarOptionRadioButtonTemplate" id="2">
				<Anchors>
					<Anchor point="LEFT" relativeTo="$parentBar1" relativePoint="RIGHT">
						<Offset x="45" y="0"/>
					</Anchor>
				</Anchors>
			</CheckButton>
			<CheckButton name="$parentBar3" inherits="zBarOptionRadioButtonTemplate" id="3">
				<Anchors>
					<Anchor point="LEFT" relativeTo="$parentBar2" relativePoint="RIGHT">
						<Offset x="45" y="0"/>
					</Anchor>
				</Anchors>
			</CheckButton>
			<CheckButton name="$parentBar4" inherits="zBarOptionRadioButtonTemplate" id="4">
				<Anchors>
					<Anchor point="LEFT" relativeTo="$parentBar3" relativePoint="RIGHT">
						<Offset x="45" y="0"/>
					</Anchor>
				</Anchors>
			</CheckButton>
			<CheckButton name="$parentBar5" inherits="zBarOptionRadioButtonTemplate" id="5">
				<Anchors>
					<Anchor point="LEFT" relativeTo="$parentBar4" relativePoint="RIGHT">
						<Offset x="45" y="0"/>
					</Anchor>
				</Anchors>
			</CheckButton>
			<CheckButton name="$parentBar6" inherits="zBarOptionRadioButtonTemplate" id="6">
				<Anchors>
					<Anchor point="TOP" relativeTo="$parentBar1" relativePoint="BOTTOM"/>
				</Anchors>
			</CheckButton>
			<CheckButton name="$parentBar7" inherits="zBarOptionRadioButtonTemplate" id="7">
				<Anchors>
					<Anchor point="TOP" relativeTo="$parentBar2" relativePoint="BOTTOM"/>
				</Anchors>
			</CheckButton>
			<CheckButton name="$parentBar8" inherits="zBarOptionRadioButtonTemplate" id="8">
				<Anchors>
					<Anchor point="TOP" relativeTo="$parentBar3" relativePoint="BOTTOM"/>
				</Anchors>
			</CheckButton>
			<CheckButton name="$parentBar9" inherits="zBarOptionRadioButtonTemplate" id="9">
				<Anchors>
					<Anchor point="TOP" relativeTo="$parentBar4" relativePoint="BOTTOM"/>
				</Anchors>
			</CheckButton>
			<CheckButton name="$parentBar10" inherits="zBarOptionRadioButtonTemplate" id="10">
				<Anchors>
					<Anchor point="TOP" relativeTo="$parentBar5" relativePoint="BOTTOM"/>
				</Anchors>
			</CheckButton>
			<!-- 其它条 -->
			<CheckButton name="$parentBar11" inherits="zBarOptionRadioButtonTemplate" id="11">
				<Anchors>
					<Anchor point="TOP" relativeTo="$parentBar6" relativePoint="BOTTOM"/>
				</Anchors>
			</CheckButton>
			<CheckButton name="$parentBar12" inherits="zBarOptionRadioButtonTemplate" id="12">
				<Anchors>
					<Anchor point="TOP" relativeTo="$parentBar7" relativePoint="BOTTOM"/>
				</Anchors>
			</CheckButton>
			<CheckButton name="$parentBar13" inherits="zBarOptionRadioButtonTemplate" id="13">
				<Anchors>
					<Anchor point="TOP" relativeTo="$parentBar8" relativePoint="BOTTOM"/>
				</Anchors>
			</CheckButton>
			<CheckButton name="$parentBar14" inherits="zBarOptionRadioButtonTemplate" id="14">
				<Anchors>
					<Anchor point="TOP" relativeTo="$parentBar9" relativePoint="BOTTOM"/>
				</Anchors>
			</CheckButton>
			<CheckButton name="$parentBar15" inherits="zBarOptionRadioButtonTemplate" id="15">
				<Anchors>
					<Anchor point="TOP" relativeTo="$parentBar10" relativePoint="BOTTOM"/>
				</Anchors>
			</CheckButton>
			<!-- 分裂 -->
			<!--CheckButton name="$parentIsSon" inherits="zBarOptionCheckButtonTemplate">
				<Anchors>
					<Anchor point="TOP" relativeTo="$parentBar6" relativePoint="BOTTOM">
						<Offset x="3" y="-5"/>
					</Anchor>
				</Anchors>
			</CheckButton>
			<Button name="$parentSplit" inherits="UIPanelButtonTemplate2" text="ZBAROPTION_SPLIT">
				<Size x="100" y="20"/>
				<Anchors>
					<Anchor point="LEFT" relativeTo="$parentIsSon" relativePoint="RIGHT">
						<Offset x="70" y="0"/>
					</Anchor>
				</Anchors>
			</Button-->
			<Button name="$parentReset" inherits="UIPanelButtonTemplate2" text="ZBAROPTION_RESET">
				<Size x="110" y="20"/>
				<Anchors>
					<Anchor point="LEFT" relativeTo="$parentAttribute" relativePoint="RIGHT">
						<Offset x="0" y="0"/>
					</Anchor>
				</Anchors>
				<Scripts>
					<OnClick>zBarOptionReset_OnClick()</OnClick>
				</Scripts>
			</Button>
			<!-- 属性 -->
			<CheckButton name="$parentAttr1" inherits="zBarOptionCheckButtonTemplate" id="1">
				<Anchors>
					<Anchor point="TOPLEFT" relativeTo="$parentAttribute" relativePoint="BOTTOMLEFT">
						<Offset x="0" y="-5"/>
					</Anchor>
				</Anchors>
			</CheckButton>
			<CheckButton name="$parentAttr2" inherits="zBarOptionCheckButtonTemplate" id="2">
				<Anchors>
					<Anchor point="TOP" relativeTo="$parentAttr1" relativePoint="BOTTOM">
						<Offset x="0" y="-10"/>
					</Anchor>
				</Anchors>
			</CheckButton>
			<CheckButton name="$parentAttr3" inherits="zBarOptionCheckButtonTemplate" id="3">
				<Anchors>
					<Anchor point="TOP" relativeTo="$parentAttr2" relativePoint="BOTTOM">
						<Offset x="0" y="-10"/>
					</Anchor>
				</Anchors>
			</CheckButton>
			<CheckButton name="$parentAttr4" inherits="zBarOptionCheckButtonTemplate" id="4">
				<Anchors>
					<Anchor point="TOP" relativeTo="$parentAttr3" relativePoint="BOTTOM">
						<Offset x="0" y="-10"/>
					</Anchor>
				</Anchors>
			</CheckButton>
			<CheckButton name="$parentAttr5" inherits="zBarOptionCheckButtonTemplate" id="5">
				<Anchors>
					<Anchor point="LEFT" relativeTo="$parentAttr1" relativePoint="RIGHT">
						<Offset x="40" y="0"/>
					</Anchor>
				</Anchors>
			</CheckButton>
			<CheckButton name="$parentAttr6" inherits="zBarOptionCheckButtonTemplate" id="6">
				<Anchors>
					<Anchor point="LEFT" relativeTo="$parentAttr2" relativePoint="RIGHT">
						<Offset x="40" y="0"/>
					</Anchor>
				</Anchors>
			</CheckButton>
			<CheckButton name="$parentAttr7" inherits="zBarOptionCheckButtonTemplate" id="7">
				<Anchors>
					<Anchor point="LEFT" relativeTo="$parentAttr3" relativePoint="RIGHT">
						<Offset x="40" y="0"/>
					</Anchor>
				</Anchors>
			</CheckButton>
			<CheckButton name="$parentAttr8" inherits="zBarOptionCheckButtonTemplate" id="8">
				<Anchors>
					<Anchor point="LEFT" relativeTo="$parentAttr4" relativePoint="RIGHT">
						<Offset x="40" y="0"/>
					</Anchor>
				</Anchors>
			</CheckButton>
			<CheckButton name="$parentAttr9" inherits="zBarOptionCheckButtonTemplate" id="9">
				<Anchors>
					<Anchor point="TOP" relativeTo="$parentAttr4" relativePoint="BOTTOM">
						<Offset x="0" y="-10"/>
					</Anchor>
				</Anchors>
			</CheckButton>
			<!--CheckButton name="$parentAttr10" inherits="zBarOptionCheckButtonTemplate" id="10">
				<Anchors>
					<Anchor point="LEFT" relativeTo="$parentAttr9" relativePoint="RIGHT">
						<Offset x="40" y="0"/>
					</Anchor>
				</Anchors>
			</CheckButton-->
			<CheckButton name="$parentAttr10" inherits="zBarOptionCheckButtonTemplate" id="10">
				<Anchors>
					<Anchor point="TOP" relativeTo="$parentAttr9" relativePoint="BOTTOM">
						<Offset x="0" y="-10"/>
					</Anchor>
				</Anchors>
				<Scripts><OnClick>zBarLockButton_OnClick()</OnClick></Scripts>
			</CheckButton>
			<CheckButton name="$parentAttr11" inherits="zBarOptionCheckButtonTemplate" id="11">
				<Anchors>
					<Anchor point="LEFT" relativeTo="$parentAttr10" relativePoint="RIGHT">
						<Offset x="110" y="0"/>
					</Anchor>
				</Anchors>
				<Scripts><OnClick>zBarHideGrid_OnClick()</OnClick></Scripts>
			</CheckButton>
			<!-- 滑块 -->
			<Slider name="$parentSlider1" inherits="OptionsSliderTemplate">
				<Anchors>
					<Anchor point="TOPRIGHT">
						<Offset x="-10" y="-130"/>
					</Anchor>
				</Anchors>
			</Slider>
			<Slider name="$parentSlider2" inherits="OptionsSliderTemplate">
				<Anchors>
					<Anchor point="TOP" relativeTo="$parentSlider1" relativePoint="BOTTOM">
						<Offset x="0" y="-25"/>
					</Anchor>
				</Anchors>
			</Slider>
			<Slider name="$parentSlider3" inherits="OptionsSliderTemplate">
				<Anchors>
					<Anchor point="TOP" relativeTo="$parentSlider2" relativePoint="BOTTOM">
						<Offset x="0" y="-30"/>
					</Anchor>
				</Anchors>
				<Frames>
					<EditBox name="$parentEditBox" inherits="InputBoxTemplate" autoFocus="true" numeric="true" letters="3">
						<Size x="30" y="20"/>
						<Anchors>
							<Anchor point="LEFT" relativeTo="$parentText" relativePoint="RIGHT">
								<Offset x="6" y="0"/>
							</Anchor>
						</Anchors>
						<Layers>
							<Layer level="ARTWORK">
								<FontString name="$parentText" inherits="GameFontNormalSmall" text="%">
									<Anchors><Anchor point="LEFT" relativePoint="RIGHT"/></Anchors>
								</FontString>
							</Layer>
						</Layers>
					</EditBox>
				</Frames>
			</Slider>
			<Slider name="$parentSlider4" inherits="OptionsSliderTemplate">
				<Anchors>
					<Anchor point="TOP" relativeTo="$parentSlider3" relativePoint="BOTTOM">
						<Offset x="0" y="-25"/>
					</Anchor>
				</Anchors>
			</Slider>
		</Frames>
		<Scripts>
			<OnLoad>zBarOption_OnLoad()</OnLoad>
			<OnEvent>zBarOption_OnEvent()</OnEvent>
			<OnDragStart>this:StartMoving()</OnDragStart>
			<OnDragStop>this:StopMovingOrSizing()</OnDragStop>
		</Scripts>
	</Frame>
</Ui>