<Ui xmlns="http://www.blizzard.com/wow/ui/" 
xmlns:xsi="http://www.w3.org/2001/XMLSchema-instance"
xsi:schemaLocation="http://www.blizzard.com/wow/ui/ ..\..\UI.xsd">
	<Script file="zActionButton.lua"/>
	<Script file="zBar.lua"/>
	<!-- button -->
	<CheckButton name="zBarButtonTemplate" inherits="ActionBarButtonTemplate" virtual="true">
		<Scripts>
			<OnLoad>zActionButton_OnLoad()</OnLoad>
			<OnShow>ActionButton_Update()</OnShow>
			<!--OnEvent>zActionButton_OnEvent()</OnEvent>
			<OnEnter>zActionButton_OnEnter()</OnEnter>
			<OnLeave>zActionButton_OnLeave()</OnLeave-->
		</Scripts>
	</CheckButton>
	<!-- tab -->
	<Button name="zBarTabTemplate" frameStrata="MEDIUM" alpha="0.5" clampedToScreen="true" virtual="true">
		<Size x="34" y="8"/>
		<Anchors>
			<Anchor point="BOTTOM" relativePoint="TOP"><Offset x="0" y="1"/></Anchor>
		</Anchors>
		<Scripts>
			<OnLoad>zBarTab_OnLoad()</OnLoad>
			<!--OnEnter>zBarTab_OnEnter()</OnEnter>
			<OnLeave>zBarTab_OnLeave()</OnLeave-->
			<OnClick>zBarTab_OnClick(arg1)</OnClick>
			<!--OnDoubleClick>zBarTab_OnDoubleClick(arg1)</OnDoubleClick-->
			<OnDragStart>zBarTab_OnDragStart()</OnDragStart>
			<OnDragStop>zBarTab_OnDragStop()</OnDragStop>
		</Scripts>
		<ButtonText font="GameFontGreen" hidden="true">
			<Anchors>
				<Anchor point="BOTTOM" relativePoint="TOP"/>
			</Anchors>
		</ButtonText>
		<NormalTexture file="Interface\AddOns\zBar\tab1.tga">
			<Size x="56" y="12"/>
			<Anchors>
				<Anchor point="CENTER"/>
			</Anchors>
		</NormalTexture>
		<HighlightTexture file="Interface\Addons\zBar\tab2.tga" alphaMode="ADD">
			<Size x="56" y="12"/>
			<Anchors>
				<Anchor point="CENTER"/>
			</Anchors>
		</HighlightTexture>
	</Button>
	<!-- bar -->
	<Frame name="zBarTemplate" toplevel="true" frameStrata="LOW" movable="true" hidden="true" virtual="true">
		<Size x="36" y="36"/>
		<Anchors>
			<Anchor point="TOP" relativeTo="UIParent"><Offset x="0" y="-100"/></Anchor>
		</Anchors>
		<Frames>
			<Button name="$parentTab" inherits="zBarTabTemplate"/>
			<CheckButton name="$parentButton1" inherits="zBarButtonTemplate" id="1" clampedToScreen="true">
				<Anchors><Anchor point="TOP"/></Anchors>
			</CheckButton>
			<CheckButton name="$parentButton2" inherits="zBarButtonTemplate" id="2">
				<Anchors>
					<Anchor point="TOP" relativeTo="$parentButton1" relativePoint="BOTTOM">
						<Offset x="0" y="-6"/>
					</Anchor>
				</Anchors>
			</CheckButton>
			<CheckButton name="$parentButton3" inherits="zBarButtonTemplate" id="3">
				<Anchors>
					<Anchor point="TOP" relativeTo="$parentButton2" relativePoint="BOTTOM">
						<Offset x="0" y="-6"/>
					</Anchor>
				</Anchors>
			</CheckButton>
			<CheckButton name="$parentButton4" inherits="zBarButtonTemplate" id="4">
				<Anchors>
					<Anchor point="TOP" relativeTo="$parentButton3" relativePoint="BOTTOM">
						<Offset x="0" y="-6"/>
					</Anchor>
				</Anchors>
			</CheckButton>
			<CheckButton name="$parentButton5" inherits="zBarButtonTemplate" id="5">
				<Anchors>
					<Anchor point="TOP" relativeTo="$parentButton4" relativePoint="BOTTOM">
						<Offset x="0" y="-6"/>
					</Anchor>
				</Anchors>
			</CheckButton>
			<CheckButton name="$parentButton6" inherits="zBarButtonTemplate" id="6">
				<Anchors>
					<Anchor point="TOP" relativeTo="$parentButton5" relativePoint="BOTTOM">
						<Offset x="0" y="-6"/>
					</Anchor>
				</Anchors>
			</CheckButton>
			<CheckButton name="$parentButton7" inherits="zBarButtonTemplate" id="7">
				<Anchors>
					<Anchor point="TOP" relativeTo="$parentButton6" relativePoint="BOTTOM">
						<Offset x="0" y="-6"/>
					</Anchor>
				</Anchors>
			</CheckButton>
			<CheckButton name="$parentButton8" inherits="zBarButtonTemplate" id="8">
				<Anchors>
					<Anchor point="TOP" relativeTo="$parentButton7" relativePoint="BOTTOM">
						<Offset x="0" y="-6"/>
					</Anchor>
				</Anchors>
			</CheckButton>
			<CheckButton name="$parentButton9" inherits="zBarButtonTemplate" id="9">
				<Anchors>
					<Anchor point="TOP" relativeTo="$parentButton8" relativePoint="BOTTOM">
						<Offset x="0" y="-6"/>
					</Anchor>
				</Anchors>
			</CheckButton>
			<CheckButton name="$parentButton10" inherits="zBarButtonTemplate" id="10">
				<Anchors>
					<Anchor point="TOP" relativeTo="$parentButton9" relativePoint="BOTTOM">
						<Offset x="0" y="-6"/>
					</Anchor>
				</Anchors>
			</CheckButton>
			<CheckButton name="$parentButton11" inherits="zBarButtonTemplate" id="11">
				<Anchors>
					<Anchor point="TOP" relativeTo="$parentButton10" relativePoint="BOTTOM">
						<Offset x="0" y="-6"/>
					</Anchor>
				</Anchors>
			</CheckButton>
			<CheckButton name="$parentButton12" inherits="zBarButtonTemplate" id="12">
				<Anchors>
					<Anchor point="TOP" relativeTo="$parentButton11" relativePoint="BOTTOM">
						<Offset x="0" y="-6"/>
					</Anchor>
				</Anchors>
			</CheckButton>
		</Frames>
		<Scripts>
			<!--OnEnter>zBar_OnEnter()</OnEnter>
			<OnLeave>zBar_OnLeave()</OnLeave-->
			<OnLoad>zBar_OnLoad() this.isZBar = true</OnLoad>
			<OnEvent>zBar_OnEvent(event)</OnEvent>
		</Scripts>
	</Frame>
	<!-- frame -->
	<Frame name="zBarFrame" parent="UIParent" frameStrata="BACKGROUND ">
		<Frames>
			<Frame name="zBar1" inherits="zBarTemplate" id="1"/>
			<Frame name="zBar2" inherits="zBarTemplate" id="2"/>
			<Frame name="zBar3" inherits="zBarTemplate" id="3"/>
			<Frame name="zBar4" inherits="zBarTemplate" id="4"/>
			<Frame name="zBar9" inherits="zBarTemplate" id="9"/>
			<Button name="zBar1SonTab" inherits="zBarTabTemplate" hidden="true"/>
			<Button name="zBar2SonTab" inherits="zBarTabTemplate" hidden="true"/>
			<Button name="zBar3SonTab" inherits="zBarTabTemplate" hidden="true"/>
			<Button name="zBar4SonTab" inherits="zBarTabTemplate" hidden="true"/>
			<Button name="zBar9SonTab" inherits="zBarTabTemplate" hidden="true"/>
		</Frames>
		<Scripts>
			<OnLoad>this:RegisterEvent("PLAYER_ENTERING_WORLD") this:RegisterEvent("VARIABLES_LOADED")</OnLoad>
			<OnEvent>zBarFrame_OnEvent(event)</OnEvent>
		</Scripts>
	</Frame>
</Ui>