<Ui xmlns="http://www.blizzard.com/wow/ui" xmlns:xsi="http://www.w3.org/2001/XMLSchema-instance">
	<!--Autogenerated by wowuides, Version=1.0.200.0, Culture=neutral, PublicKeyToken=null-->
	<Script file="CooldownTimersGroupsForm.lua"/>
	
	<Button name="CDTButtonTemplate" virtual="true">
		<Scripts>
			<OnLoad>	LayoutFrame_IndexedSetPoint( this, "TOP", "BOTTOM" )	</OnLoad>
			
			<OnClick>	CDTButton_OnClick()	</OnClick>
		</Scripts>
		
		<Size>	<AbsDimension x="300" y="16"/>	</Size>
		
		<HighlightTexture file="Interface\QuestFrame\UI-QuestTitleHighlight" alphaMode="ADD" setAllPoints="true" hidden="true"/>
		<NormalText inherits="GameFontNormal"/>
		<HighlightText inherits="GameFontHighlight"/>
		<DisabledText inherits="GameFontDisable"/>
	</Button>

	<Button name="WoWUIDESButton" virtual="true">
		<NormalTexture file="Interface\Buttons\UI-Panel-Button-Up">
			<TexCoords left="0" right="0.625" top="0" bottom="0.6875"/>
		</NormalTexture>
		
		<PushedTexture file="Interface\Buttons\UI-Panel-Button-Down">
			<TexCoords left="0" right="0.625" top="0" bottom="0.6875"/>
		</PushedTexture>
		
		<DisabledTexture file="Interface\Buttons\UI-Panel-Button-Disabled">
			<TexCoords left="0" right="0.625" top="0" bottom="0.6875" />
		</DisabledTexture>
		
		<HighlightTexture file="Interface\Buttons\UI-Panel-Button-Highlight" alphaMode="ADD">
			<TexCoords left="0" right="0.625" top="0" bottom="0.6875" />
		</HighlightTexture>
		
		<NormalText name="$parentText" font="Fonts\FRIZQT__.TTF">
			<FontHeight>	<AbsValue val="12" />	</FontHeight>
			
			<Color r="1" g="0.8196079" b="0" />
			
			<Shadow>
				<Color r="0" g="0" b="0" />
				
				<Offset>	<AbsDimension x="1" y="-1" />	</Offset>
			</Shadow>
		</NormalText>
		
		<HighlightText font="Fonts\FRIZQT__.TTF">
			<FontHeight>	<AbsValue val="12" />	</FontHeight>
			
			<Color r="1" g="1" b="1"/>
			
			<Shadow>
				<Color r="0" g="0" b="0"/>
				
				<Offset>	<AbsDimension x="1" y="-1" />	</Offset>
			</Shadow>
		</HighlightText>
		
		<DisabledText font="Fonts\FRIZQT__.TTF">
			<FontHeight>	<AbsValue val="12" />	</FontHeight>
			
			<Color r="0.4980392" g="0.4980392" b="0.4980392" />
			
			<Shadow>
				<Color r="0" g="0" b="0" />
				
				<Offset>	<AbsDimension x="1" y="-1" />	</Offset>
			</Shadow>
		</DisabledText>
	</Button>

	<Frame name="CooldownTimersGroups" hidden="true" parent="UIParent">
		<!--<FrameSkin skinid="dcb143e1-a4ab-4e7c-b934-1efa40101d21" frameid="2d508883-59c2-4f83-ae10-27aaad48391b" />-->
		<Size>	<AbsDimension x="389" y="569" />	</Size>
		
		<Anchors>	<Anchor point="CENTER"/>	</Anchors>
		
		<Backdrop bgFile="Interface\DialogFrame\UI-DialogBox-Background" edgeFile="Interface\DialogFrame\UI-DialogBox-Border" tile="true">
			<BackgroundInsets>	<AbsInset left="11" right="12" top="12" bottom="11"/>	</BackgroundInsets>
			
			<TileSize>	<AbsValue val="32" />	</TileSize>
			
			<EdgeSize>	<AbsValue val="32" />	</EdgeSize>
		</Backdrop>
		
		<Layers>
			<Layer>
				<Texture name="$parentTitleBorder" file="Interface\DialogFrame\UI-DialogBox-Header">
					<Size>	<AbsDimension x="160" y="32" />	</Size>
					
					<Anchors>
						<Anchor point="TOP">
							<Offset>	<AbsDimension x="0" y="5" />	</Offset>
						</Anchor>
					</Anchors>
					
					<TexCoords left="0.2" right="0.8" top="0" bottom="0.6"/>
				</Texture>
				
				<FontString name="$parentTitleString" font="Fonts\FRIZQT__.TTF" text="CDT Groups">
					<Size>	<AbsDimension x="140" y="0" />	</Size>
					
					<Anchors>
						<Anchor point="TOP">
							<Offset>	<AbsDimension x="0" y="-4" />	</Offset>
						</Anchor>
					</Anchors>
					
					<FontHeight>	<AbsValue val="12"/>	</FontHeight>
					
					<Color r="1" g="0.8196079" b="0"/>
					
					<Shadow>
						<Color r="0" g="0" b="0"/>
						
						<Offset>	<AbsDimension x="1" y="-1" />	</Offset>
					</Shadow>
				</FontString>
			</Layer>
		</Layers>
		
		<Frames>
			<Button name="$parentButton6" inherits="WoWUIDESButton" text="Save Changes">
				<!--<FrameSkin skinid="dcb143e1-a4ab-4e7c-b934-1efa40101d21" frameid="2d508884-59c2-4f83-ae10-27aaad48391b" />-->
				<Size>	<AbsDimension x="100" y="22" />	</Size>
				
				<Anchors>
					<Anchor point="TOPLEFT">
						<Offset>	<AbsDimension x="81" y="-521" />	</Offset>
					</Anchor>
				</Anchors>
				
				<Scripts>
					<OnClick>	CDT_SaveGroups()	</OnClick>
				</Scripts>
			</Button>
		  
			<Button name="$parentButton5" inherits="WoWUIDESButton" text="Cancel">
				<!--<FrameSkin skinid="dcb143e1-a4ab-4e7c-b934-1efa40101d21" frameid="2d508884-59c2-4f83-ae10-27aaad48391b" />-->
				<Size>	<AbsDimension x="100" y="22" />	</Size>
				
				<Anchors>
					<Anchor point="TOPLEFT">
						<Offset>	<AbsDimension x="206" y="-521" />	</Offset>
					</Anchor>
				</Anchors>
				
				<Scripts>
					<OnClick>	this:GetParent():Hide()	</OnClick>
				</Scripts>
			</Button>
			
			<Button name="$parentButton4" inherits="WoWUIDESButton" text="Add as Group">
				<!--<FrameSkin skinid="dcb143e1-a4ab-4e7c-b934-1efa40101d21" frameid="2d508884-59c2-4f83-ae10-27aaad48391b" />-->
				<Size>	<AbsDimension x="100" y="22" />	</Size>
				
				<Anchors>
					<Anchor point="TOPLEFT">
						<Offset>	<AbsDimension x="243" y="-475" />	</Offset>
					</Anchor>
				</Anchors>
				
				<Scripts>
					<OnClick>	CDT_AddGroup()	</OnClick>
				</Scripts>
			</Button>
		  
			<Button name="$parentButton3" inherits="WoWUIDESButton" text="Add to Members">
				<!--<FrameSkin skinid="dcb143e1-a4ab-4e7c-b934-1efa40101d21" frameid="2d508884-59c2-4f83-ae10-27aaad48391b" />-->
				<Size>	<AbsDimension x="118" y="22" />	</Size>
				
				<Anchors>
					<Anchor point="TOPLEFT">
						<Offset>	<AbsDimension x="43" y="-475" />	</Offset>
					</Anchor>
				</Anchors>
				
				<Scripts>
					<OnClick>	CDT_AddMember()	</OnClick>
				</Scripts>
			</Button>
		  
			<EditBox name="$parentSinglelineEditBox1" enableMouse="true">
				<!--<FrameSkin skinid="dcb143e1-a4ab-4e7c-b934-1efa40101d21" frameid="2d508887-59c2-4f83-ae10-27aaad48391b" />-->
				<Size>	<AbsDimension x="300" y="22" />	</Size>
				
				<Anchors>
					<Anchor point="TOPLEFT">
						<Offset>	<AbsDimension x="43" y="-447" />	</Offset>
					</Anchor>
				</Anchors>
				
				<Layers>
					<Layer level="BACKGROUND">
						<Texture name="$parentLeft" file="Interface\Common\Common-Input-Border">
							<Size>	<AbsDimension x="8" y="20" />	</Size>
							
							<Anchors>	<Anchor point="LEFT" />	</Anchors>
							
							<TexCoords left="0" right="0.0625" top="0" bottom="0.625" />
						</Texture>
						
						<Texture name="$parentRight" file="Interface\Common\Common-Input-Border">
							<Size>	<AbsDimension x="8" y="20" />	</Size>
							
							<Anchors>	<Anchor point="RIGHT" />	</Anchors>
							
							<TexCoords left="0.9375" right="1" top="0" bottom="0.625" />
						</Texture>
						
						<Texture name="$parentMiddle" file="Interface\Common\Common-Input-Border">
							<Size>	<AbsDimension x="10" y="20" />	</Size>
							
							<Anchors>
								<Anchor point="LEFT" relativeTo="$parentLeft" relativePoint="RIGHT" />
								<Anchor point="RIGHT" relativeTo="$parentRight" relativePoint="LEFT" />
							</Anchors>
							
							<TexCoords left="0.0625" right="0.9375" top="0" bottom="0.625" />
						</Texture>
					</Layer>
				</Layers>
				
				<FontString font="Fonts\ARIALN.TTF">
					<FontHeight>	<AbsValue val="14" />	</FontHeight>
					
					<Color r="1" g="1" b="1" />
					
					<Shadow>
						<Color r="0" g="0" b="0" />
						
						<Offset>	<AbsDimension x="1" y="-1" />	</Offset>
					</Shadow>
				</FontString>
			</EditBox>
			
			<Button name="$parentButton2" inherits="WoWUIDESButton" text="Delete Member">
				<!--<FrameSkin skinid="dcb143e1-a4ab-4e7c-b934-1efa40101d21" frameid="2d508884-59c2-4f83-ae10-27aaad48391b" />-->
				<Size>	<AbsDimension x="100" y="22" />	</Size>
				
				<Anchors>
					<Anchor point="TOPLEFT">
						<Offset>	<AbsDimension x="43" y="-419" />	</Offset>
					</Anchor>
				</Anchors>
				
				<Scripts>
					<OnClick>	CDT_DeleteMember()	</OnClick>
				</Scripts>
			</Button>
		  
			<Button name="$parentButton1" inherits="WoWUIDESButton" text="Delete Group">
				<!--<FrameSkin skinid="dcb143e1-a4ab-4e7c-b934-1efa40101d21" frameid="2d508884-59c2-4f83-ae10-27aaad48391b" />-->
				<Size>	<AbsDimension x="100" y="22" />	</Size>
				
				<Anchors>
					<Anchor point="TOPLEFT">
						<Offset>
							<AbsDimension x="43" y="-215" />
						</Offset>
					</Anchor>
				</Anchors>
				
				<Scripts>
					<OnClick>	CDT_DeleteGroup()	</OnClick>
				</Scripts>
			</Button>
	
			<Frame name="$parentPanel2">
				<!--<FrameSkin skinid="dcb143e1-a4ab-4e7c-b934-1efa40101d21" frameid="2d508888-59c2-4f83-ae10-27aaad48391b" />-->
				<Size>	<AbsDimension x="300" y="170" />	</Size>
				
				<Anchors>
					<Anchor point="TOPLEFT">
						<Offset>	<AbsDimension x="43" y="-243" />	</Offset>
					</Anchor>
				</Anchors>
				
				<Backdrop bgFile="Interface\Tooltips\UI-Tooltip-Background" edgeFile="Interface\Tooltips\UI-Tooltip-Border" tile="true">
					<BackgroundInsets>	<AbsInset left="5" right="5" top="5" bottom="5" />	</BackgroundInsets>
					<TileSize>	<AbsValue val="16" />	</TileSize>
					<EdgeSize>	<AbsValue val="16" />	</EdgeSize>
				</Backdrop>
				
				<Frames>
					<ScrollFrame name="CDTMembersScrollBar" inherits="FauxScrollFrameTemplate">
						<Size>	<AbsDimension x="30" y="160"/>	</Size>
					
						<Anchors>
							<Anchor point="TOPRIGHT" relativePoint="TOPRIGHT"> 
								<Offset>	<AbsDimension x="-5" y="-5"/>	</Offset>
							</Anchor>
						</Anchors>
						
						<Scripts>
							<OnLoad>
								if ( this:GetName() ) then	ScrollFrame_OnLoad()	end
							</OnLoad>
							
							<OnVerticalScroll>
								FauxScrollFrame_OnVerticalScroll( 16, CDTMembersScrollBar_Update )
							</OnVerticalScroll>
						</Scripts>
					</ScrollFrame>
					
					<Button name="CDTMembersButton1" inherits="CDTButtonTemplate" id="1">
						<Anchors>
							<Anchor point="TOP">
								<Offset>	<AbsDimension x="0" y="-5"/>	</Offset>
							</Anchor>
						</Anchors>
						
						<Scripts>	<OnLoad/>	</Scripts>
					</Button>
				
					<Button name="CDTMembersButton2" inherits="CDTButtonTemplate" id="2"/>
					<Button name="CDTMembersButton3" inherits="CDTButtonTemplate" id="3"/>
					<Button name="CDTMembersButton4" inherits="CDTButtonTemplate" id="4"/>
					<Button name="CDTMembersButton5" inherits="CDTButtonTemplate" id="5"/>
					<Button name="CDTMembersButton6" inherits="CDTButtonTemplate" id="6"/>
					<Button name="CDTMembersButton7" inherits="CDTButtonTemplate" id="7"/>
					<Button name="CDTMembersButton8" inherits="CDTButtonTemplate" id="8"/>
					<Button name="CDTMembersButton9" inherits="CDTButtonTemplate" id="9"/>
					<Button name="CDTMembersButton10" inherits="CDTButtonTemplate" id="10"/>
				</Frames>
			</Frame>
			
			<Frame name="$parentPanel1">
				<!--<FrameSkin skinid="dcb143e1-a4ab-4e7c-b934-1efa40101d21" frameid="2d508888-59c2-4f83-ae10-27aaad48391b" />-->
				<Size>	<AbsDimension x="300" y="170" />	</Size>
				
				<Anchors>
					<Anchor point="TOPLEFT">
						<Offset>	<AbsDimension x="43" y="-39" />	</Offset>
					</Anchor>
				</Anchors>
				
				<Backdrop bgFile="Interface\Tooltips\UI-Tooltip-Background" edgeFile="Interface\Tooltips\UI-Tooltip-Border" tile="true">
					<BackgroundInsets>	<AbsInset left="5" right="5" top="5" bottom="5" />	</BackgroundInsets>
					<TileSize>	<AbsValue val="16" />	</TileSize>
					<EdgeSize>	<AbsValue val="16" />	</EdgeSize>
				</Backdrop>
				
				<Frames>
					<ScrollFrame name="CDTGroupsScrollBar" inherits="FauxScrollFrameTemplate">
						<Size>	<AbsDimension x="30" y="160"/>	</Size>
						
						<Anchors>
							<Anchor point="TOPRIGHT" relativePoint="TOPRIGHT"> 
								<Offset>	<AbsDimension x="-5" y="-5"/>	</Offset>
							</Anchor>
						</Anchors>
						
						<Scripts>
							<OnLoad>
								if ( this:GetName() ) then	ScrollFrame_OnLoad()	end
							</OnLoad>
							
							<OnVerticalScroll>
								FauxScrollFrame_OnVerticalScroll( 16, CDTGroupsScrollBar_Update )
							</OnVerticalScroll>
						</Scripts>
					</ScrollFrame>
				 
					<Button name="CDTGroupsButton1" inherits="CDTButtonTemplate" id="1">
						<Anchors>
							<Anchor point="TOP">
								<Offset>	<AbsDimension x="0" y="-5"/>	</Offset>
							</Anchor>
						</Anchors>
						
						<Scripts>	<OnLoad/>	</Scripts>
					</Button>
					
					<Button name="CDTGroupsButton2" inherits="CDTButtonTemplate" id="2"/>
					<Button name="CDTGroupsButton3" inherits="CDTButtonTemplate" id="3"/>
					<Button name="CDTGroupsButton4" inherits="CDTButtonTemplate" id="4"/>
					<Button name="CDTGroupsButton5" inherits="CDTButtonTemplate" id="5"/>
					<Button name="CDTGroupsButton6" inherits="CDTButtonTemplate" id="6"/>
					<Button name="CDTGroupsButton7" inherits="CDTButtonTemplate" id="7"/>
					<Button name="CDTGroupsButton8" inherits="CDTButtonTemplate" id="8"/>
					<Button name="CDTGroupsButton9" inherits="CDTButtonTemplate" id="9"/>
					<Button name="CDTGroupsButton10" inherits="CDTButtonTemplate" id="10"/>
				</Frames>
			</Frame>-->
		</Frames>
	</Frame>
</Ui>