<Ui xsi:schemaLocation="http://www.blizzard.com/wow/ui/">
<!--
	Version: <%version%> (<%codename%>)
	Revision: $Id: AuctionDropDownMenu.xml 1050 2006-10-06 19:52:43Z mentalpower $

	License:
		This program is free software; you can redistribute it and/or
		modify it under the terms of the GNU General Public License
		as published by the Free Software Foundation; either version 2
		of the License, or (at your option) any later version.

		This program is distributed in the hope that it will be useful,
		but WITHOUT ANY WARRANTY; without even the implied warranty of
		MERCHANTABILITY or FITNESS FOR A PARTICULAR PURPOSE.  See the
		GNU General Public License for more details.

		You should have received a copy of the GNU General Public License
		along with this program(see GPL.txt); if not, write to the Free Software
		Foundation, Inc., 51 Franklin Street, Fifth Floor, Boston, MA  02110-1301, USA.
-->
	<Frame name="AuctionDropDownMenu" inherits="UIDropDownMenuTemplate" id="1" hidden="true">
		<Size>
			<AbsDimension x="10" y="10"/>
		</Size>
		<Anchors>
			<Anchor point="TOP">
				<Offset>
					<AbsDimension x="-10" y="-50"/>
				</Offset>
			</Anchor>
		</Anchors>
	</Frame>

</Ui>
