<Ui xmlns="http://www.blizzard.com/wow/ui/" xmlns:xsi="http://www.w3.org/2001/XMLSchema-instance" xsi:schemaLocation="http://www.blizzard.com/wow/ui/
..\FrameXML\UI.xsd">
  <!-- Core -->
	<Include file="AceLibrary\AceLibrary.lua"/>
	<Include file="AceOO-2.0\AceOO-2.0.lua"/>
  <Include file="AceConsole-2.0\AceConsole-2.0.lua"/>
	<Include file="AceEvent-2.0\AceEvent-2.0.lua"/>
	<Include file="AceDebug-2.0\AceDebug-2.0.lua"/>
	<Include file="AceDB-2.0\AceDB-2.0.lua"/>
	<Include file="AceAddon-2.0\AceAddon-2.0.lua"/>
	<Include file="AceHook-2.1\AceHook-2.1.lua"/>
	<Include file="AceLocale-2.2\AceLocale-2.2.lua"/>
  <!-- Extra -->
  <Include file="Babble-Zone-2.2\Babble-Zone-2.2.lua"/> 
  <Include file="Dewdrop-2.0\Dewdrop-2.0.lua"/> 
	<Include file="Tablet-2.0\Tablet-2.0.lua"/>  
	<Include file="FuBarPlugin-2.0\FuBarPlugin-2.0.lua"/>  
	<Include file="Abacus-2.0\Abacus-2.0.lua"/>
	<Include file="LibVendorValue-1.0\LibVendorValue-1.0.lua"/>
</Ui>
