<Bindings>
	<Binding name="CT_CUREDEBUFF" header="CT_RAIDASSIST" runOnUp="true">
		if ( keystate == "down" ) then
			CT_RADebuff_Cure();
		end
	</Binding>
	<Binding name="CT_RECASTRAIDBUFF"  runOnUp="true">
		if ( keystate == "down" ) then
			CT_RA_RecastLastBuff();
		end
	</Binding>
	<Binding name="CT_SHOWHIDE"  runOnUp="true">
		if ( keystate == "down" ) then
			CT_RA_ShowHideWindows();
		end
	</Binding>
	<Binding name="CT_RESMON"  runOnUp="true">
		if ( keystate == "down" ) then
			CT_RAMenu_Options[CT_RAMenu_CurrSet]["ShowMonitor"] = not CT_RAMenu_Options[CT_RAMenu_CurrSet]["ShowMonitor"];
			if ( CT_RAMenu_Options[CT_RAMenu_CurrSet]["ShowMonitor"] and GetNumRaidMembers() > 0 ) then
				CT_RA_ResFrame:Show();
			else
				CT_RA_ResFrame:Hide();
			end
			CT_RAMenu_UpdateMenu();
		end
	</Binding>
	<Binding name="CT_EMERGENCYMONITOR"  runOnUp="true">
		if ( keystate == "down" ) then
			CT_RAMenu_Options[CT_RAMenu_CurrSet]["ShowEmergency"] = not CT_RAMenu_Options[CT_RAMenu_CurrSet]["ShowEmergency"];
			CT_RA_Emergency_UpdateHealth();
			CT_RAMenu_UpdateMenu();
		end
	</Binding>
	<Binding name="CT_TOGGLEDEBUFFS"  runOnUp="true">
		if ( keystate == "down" ) then
			CT_RA_ShowHideDebuffs();
		end
	</Binding>
	<Binding name="CT_ASSISTMT1"  runOnUp="true">
		if ( keystate == "down" ) then
			CT_RA_AssistMT(1);
		end
	</Binding>
	<Binding name="CT_ASSISTMT2"  runOnUp="true">
		if ( keystate == "down" ) then
			CT_RA_AssistMT(2);
		end
	</Binding>
	<Binding name="CT_ASSISTMT3"  runOnUp="true">
		if ( keystate == "down" ) then
			CT_RA_AssistMT(3);
		end
	</Binding>
	<Binding name="CT_ASSISTMT4"  runOnUp="true">
		if ( keystate == "down" ) then
			CT_RA_AssistMT(4);
		end
	</Binding>
	<Binding name="CT_ASSISTMT5"  runOnUp="true">
		if ( keystate == "down" ) then
			CT_RA_AssistMT(5);
		end
	</Binding>
	<Binding name="CT_TARGETMT1"  runOnUp="true">
		if ( keystate == "down" ) then
			CT_RA_TargetMT(1);
		end
	</Binding>
	<Binding name="CT_TARGETMT2"  runOnUp="true">
		if ( keystate == "down" ) then
			CT_RA_TargetMT(2);
		end
	</Binding>
	<Binding name="CT_TARGETMT3"  runOnUp="true">
		if ( keystate == "down" ) then
			CT_RA_TargetMT(3);
		end
	</Binding>
	<Binding name="CT_TARGETMT4"  runOnUp="true">
		if ( keystate == "down" ) then
			CT_RA_TargetMT(4);
		end
	</Binding>
	<Binding name="CT_TARGETMT5"  runOnUp="true">
		if ( keystate == "down" ) then
			CT_RA_TargetMT(5);
		end
	</Binding>
	<Binding name="CT_ASSISTPT1"  runOnUp="true">
		if ( keystate == "down" ) then
			CT_RA_AssistPT(1);
		end
	</Binding>
	<Binding name="CT_ASSISTPT2"  runOnUp="true">
		if ( keystate == "down" ) then
			CT_RA_AssistPT(2);
		end
	</Binding>
	<Binding name="CT_ASSISTPT3"  runOnUp="true">
		if ( keystate == "down" ) then
			CT_RA_AssistPT(3);
		end
	</Binding>
	<Binding name="CT_ASSISTPT4"  runOnUp="true">
		if ( keystate == "down" ) then
			CT_RA_AssistPT(4);
		end
	</Binding>
	<Binding name="CT_ASSISTPT5"  runOnUp="true">
		if ( keystate == "down" ) then
			CT_RA_AssistPT(5);
		end
	</Binding>
	<Binding name="CT_TARGETPT1"  runOnUp="true">
		if ( keystate == "down" ) then
			CT_RA_TargetPT(1);
		end
	</Binding>
	<Binding name="CT_TARGETPT2"  runOnUp="true">
		if ( keystate == "down" ) then
			CT_RA_TargetPT(2);
		end
	</Binding>
	<Binding name="CT_TARGETPT3"  runOnUp="true">
		if ( keystate == "down" ) then
			CT_RA_TargetPT(3);
		end
	</Binding>
	<Binding name="CT_TARGETPT4"  runOnUp="true">
		if ( keystate == "down" ) then
			CT_RA_TargetPT(4);
		end
	</Binding>
	<Binding name="CT_TARGETPT5"  runOnUp="true">
		if ( keystate == "down" ) then
			CT_RA_TargetPT(5);
		end
	</Binding>
	<Binding name="CT_TOGGLESORTTYPE" runOnUp="true">
		if ( keystate == "down" ) then
			CT_RA_ToggleGroupSort();
		end
	</Binding>
	<Binding name="CT_TOGGLESORTTYPE2" runOnUp="true">
		if ( keystate == "down" ) then
			CT_RA_ToggleGroupSort(1);
		end
	</Binding>
	<Binding name="CT_TARGETEM1" runOnUp="true">
		if ( keystate == "down" ) then
			CT_RA_Emergency_TargetMember(1);
		end
	</Binding>
	<Binding name="CT_TARGETEM2" runOnUp="true">
		if ( keystate == "down" ) then
			CT_RA_Emergency_TargetMember(2);
		end
	</Binding>
	<Binding name="CT_TARGETEM3" runOnUp="true">
		if ( keystate == "down" ) then
			CT_RA_Emergency_TargetMember(3);
		end
	</Binding>
	<Binding name="CT_TARGETEM4" runOnUp="true">
		if ( keystate == "down" ) then
			CT_RA_Emergency_TargetMember(4);
		end
	</Binding>
	<Binding name="CT_TARGETEM5" runOnUp="true">
		if ( keystate == "down" ) then
			CT_RA_Emergency_TargetMember(5);
		end
	</Binding>
</Bindings>