<Ui xmlns="http://www.blizzard.com/wow/ui/" xmlns:xsi="http://www.w3.org/2001/XMLSchema-instance" xsi:schemaLocation="http://www.blizzard.com/wow/ui/
..\FrameXML\UI.xsd">
<!--
	License:
		This program is free software; you can redistribute it and/or
		modify it under the terms of the GNU General Public License
		as published by the Free Software Foundation; either version 2
		of the License, or (at your option) any later version.

		This program is distributed in the hope that it will be useful,
		but WITHOUT ANY WARRANTY; without even the implied warranty of
		MERCHANTABILITY or FITNESS FOR A PARTICULAR PURPOSE.  See the
		GNU General Public License for more details.

		You should have received a copy of the GNU General Public License
		along with this program (see GLP.txt); if not, write to the Free Software
		Foundation, Inc., 51 Franklin Street, Fifth Floor, Boston, MA  02110-1301, USA.
-->

	<Script file="localization.lua"/>
	<Script file="Possessions.lua"/>
	<Button name="Possessions_BrowseButtonTemplate" hidden="true" virtual="true">
		<Size>
			<AbsDimension x="350" y="27"/>
		</Size>
		<Layers>
			<Layer level="BACKGROUND">
				<FontString name="$parentName" inherits="GameFontHighlight" justifyH="LEFT">
					<Size>
						<AbsDimension x="270" y="25"/>
					</Size>
					<Anchors>
						<Anchor point="TOPLEFT">
							<Offset>
								<AbsDimension x="43" y="0"/>
							</Offset>
						</Anchor>
					</Anchors>
				</FontString>
				<FontString name="$parentQuantity" inherits="NumberFontNormal" justifyH="RIGHT">
					<Anchors>
						<Anchor point="LEFT" relativeTo="$parentName" relativePoint="RIGHT">
							<Offset>
								<AbsDimension x="0" y="0"/>
							</Offset>
						</Anchor>
					</Anchors>
				</FontString>
				<Texture name="$parentLeft" file="Interface\AuctionFrame\UI-AuctionItemNameFrame">
					<Size>
						<AbsDimension x="10" y="25"/>
					</Size>
					<Anchors>
						<Anchor point="LEFT">
							<Offset>
								<AbsDimension x="34" y="2"/>
							</Offset>
						</Anchor>
					</Anchors>
					<TexCoords left="0" right="0.078125" top="0" bottom="1.0"/>
				</Texture>
				<Texture name="$parentRight" file="Interface\AuctionFrame\UI-AuctionItemNameFrame">
					<Size>
						<AbsDimension x="10" y="25"/>
					</Size>
					<Anchors>
						<Anchor point="RIGHT">
							<Offset>
								<AbsDimension x="0" y="2"/>
							</Offset>
						</Anchor>
					</Anchors>
					<TexCoords left="0.75" right="0.828125" top="0" bottom="1.0"/>
				</Texture>
				<Texture file="Interface\AuctionFrame\UI-AuctionItemNameFrame">
					<Size>
						<AbsDimension x="10" y="25"/>
					</Size>
					<Anchors>
						<Anchor point="LEFT" relativeTo="$parentLeft" relativePoint="RIGHT">
							<Offset>
								<AbsDimension x="0" y="0"/>
							</Offset>
						</Anchor>
						<Anchor point="RIGHT" relativeTo="$parentRight" relativePoint="LEFT">
							<Offset>
								<AbsDimension x="0" y="0"/>
							</Offset>
						</Anchor>
					</Anchors>
					<TexCoords left="0.078125" right="0.75" top="0" bottom="1.0"/>
				</Texture>
			</Layer>
		</Layers>
		<Frames>
			<Button name="$parentItem">
				<Size>
					<AbsDimension x="25" y="25"/>
				</Size>
				<Anchors>
					<Anchor point="TOPLEFT">
						<Offset>
							<AbsDimension x="0" y="0"/>
						</Offset>
					</Anchor>
				</Anchors>
				<Layers>
					<Layer level="BORDER">
						<Texture name="$parentIconTexture"/>
					</Layer>
				</Layers>
				<Scripts>
					<OnLoad>
						this:RegisterForClicks("LeftButtonUp", "RightButtonUp");
					</OnLoad>
					<OnClick>
						Possessions_Click(arg1);
					</OnClick>
					<OnEnter>
						Possessions_ItemButton_OnEnter();
					</OnEnter>
					<OnLeave>
						Possessions_ItemButton_OnLeave();
					</OnLeave>
				</Scripts>
				<HighlightTexture file="Interface\Buttons\ButtonHilight-Square" alphaMode="ADD"/>
			</Button>
		</Frames>
		<Scripts>
			<OnLoad>
				this:RegisterForClicks("LeftButtonUp", "RightButtonUp");
			</OnLoad>
			<OnClick>
				Possessions_Click(arg1);
			</OnClick>
			<OnEnter>
				Possessions_ItemButton_OnEnter();
			</OnEnter>
			<OnLeave>
				Possessions_ItemButton_OnLeave();
			</OnLeave>
		</Scripts>
		<HighlightTexture name="$parentHighlight" file="Interface\HelpFrame\HelpFrameButton-Highlight" alphaMode="ADD">
			<Size>
				<AbsDimension x="315" y="22"/>
			</Size>
			<Anchors>
				<Anchor point="TOPLEFT">
					<Offset>
						<AbsDimension x="33" y="0"/>
					</Offset>
				</Anchor>
			</Anchors>
			<TexCoords left="0" right="1.0" top="0" bottom="0.578125"/>
		</HighlightTexture>
	</Button>
	<Frame name="Possessions_Frame" frameStrata="DIALOG" movable="true" enableMouse="true" hidden="true" parent="UIParent">
		<Size>
			<AbsDimension x="415" y="525"/>
		</Size>
		<Anchors>
			<Anchor point="CENTER">
				<Offset>
					<AbsDimension x="5" y="0"/>
				</Offset>
			</Anchor>
		</Anchors>
		<Backdrop bgFile="Interface\DialogFrame\UI-DialogBox-Background" edgeFile="Interface\DialogFrame\UI-DialogBox-Border" tile="true">
			<BackgroundInsets>
				<AbsInset left="11" right="12" top="12" bottom="11"/>
			</BackgroundInsets>
			<TileSize>
				<AbsValue val="32"/>
			</TileSize>
			<EdgeSize>
				<AbsValue val="32"/>
			</EdgeSize>
		</Backdrop>
		<Layers>
			<Layer level="ARTWORK">
				<Texture name="Possessions_FrameHeader" file="Interface\DialogFrame\UI-DialogBox-Header">
					<Size>
						<AbsDimension x="310" y="64"/>
					</Size>
					<Anchors>
						<Anchor point="TOP">
							<Offset>
								<AbsDimension x="0" y="12"/>
							</Offset>
						</Anchor>
					</Anchors>
				</Texture>
				<FontString name="Possessions_FrameTitle" inherits="GameFontNormal" text="POSSESSIONS_INV_TITLE_TEXT">
					<Anchors>
						<Anchor point="TOP">
							<Offset>
								<AbsDimension x="0" y="0"/>
							</Offset>
						</Anchor>
					</Anchors>
				</FontString>
				<FontString name="$parentSearchText" inherits="GameFontHighlightSmall" text="POSSESSIONS_TEXT_SEARCH">
					<Anchors>
						<Anchor point="TOPLEFT" relativeTo="Possessions_Frame" relativePoint="TOPLEFT">
							<Offset>
								<AbsDimension x="210" y="-65"/>
							</Offset>
						</Anchor>
					</Anchors>
				</FontString>
			</Layer>
		</Layers>
		<Frames>
			<Button name="Possessions_FrameCloseButton" inherits="UIPanelCloseButton">
				<Anchors>
					<Anchor point="TOPRIGHT" relativeTo="Possessions_Frame" relativePoint="TOPRIGHT">
						<Offset>
							<AbsDimension x="-5" y="-6"/>
						</Offset>
					</Anchor>
				</Anchors>
			</Button>
			<Frame name="Possessions_CharDropDown" inherits="UIDropDownMenuTemplate" id="1" hidden="false">
				<Anchors>
					<Anchor point="TOPLEFT" relativeTo="Possessions_Frame" relativePoint="TOPLEFT">
						<Offset>
							<AbsDimension x="30" y="-25"/>
						</Offset>
					</Anchor>
				</Anchors>
				<Scripts>
					<OnShow>
						Possessions_CharDropDown_OnShow();
					</OnShow>
				</Scripts>
			</Frame>
			<Frame name="Possessions_LocDropDown" inherits="UIDropDownMenuTemplate" id="1" hidden="false">
				<Anchors>
					<Anchor point="TOPLEFT" relativeTo="Possessions_Frame" relativePoint="TOPLEFT">
						<Offset>
							<AbsDimension x="190" y="-25"/>
						</Offset>
					</Anchor>
				</Anchors>
				<Scripts>
					<OnShow>
						Possessions_LocDropDown_OnShow();
					</OnShow>
				</Scripts>
			</Frame>
			<Frame name="Possessions_SlotDropDown" inherits="UIDropDownMenuTemplate" id="1" hidden="false">
				<Anchors>
					<Anchor point="TOPLEFT" relativeTo="Possessions_CharDropDown" relativePoint="BOTTOMLEFT">
						<Offset>
							<AbsDimension x="0" y="0"/>
						</Offset>
					</Anchor>
				</Anchors>
				<Scripts>
					<OnShow>
						Possessions_SlotDropDown_OnShow();
					</OnShow>
				</Scripts>
			</Frame>	
			<EditBox name="Possessions_SearchBox" autoFocus="false" inherits="InputBoxTemplate">
				<Size>
					<AbsDimension x="100" y="15"/>
				</Size>
				<Anchors>
					<Anchor point="TOPLEFT" relativeTo="Possessions_Frame" relativePoint="TOPLEFT">
						<Offset>
							<AbsDimension x="260" y="-62"/>
						</Offset>
					</Anchor>
				</Anchors>
				<Scripts>
					<OnEscapePressed>
						this:ClearFocus();
					</OnEscapePressed>
					<OnEnterPressed>
			   			Possessions_Update();
					</OnEnterPressed>
				</Scripts>
			</EditBox>
			<CheckButton name="POSSESSIONS_CHK_SortName" virtual="true">
				<Size>
					<AbsDimension x="20" y="20"/>
				</Size>
				<Anchors>
					<Anchor point="BOTTOMLEFT" relativeTo="Possessions_Frame">
						<Offset>
							<AbsDimension x="80" y="10"/>
						</Offset>
					</Anchor>
				</Anchors>
				<Layers>
					<Layer level="ARTWORK">
						<FontString name="POSSESSIONS_CHK_SortValueText" inherits="GameFontHighlightSmall" text="POSSESSIONS_INV_HELP3">
							<Anchors>
								<Anchor point="RIGHT" relativePoint="LEFT">
									<Offset>
										<AbsDimension x="0" y="1"/>
									</Offset>
								</Anchor>
							</Anchors>
						</FontString>
					</Layer>
				</Layers>
				<Scripts>
					<OnLoad>
						POSSESSIONS_Sort_Name = 1;
						POSSESSIONS_CHK_SortName:SetChecked(POSSESSIONS_Sort_Name);
					    </OnLoad>
					<OnClick>
						if (this:GetChecked()) then
						    PlaySound("igMainMenuOptionCheckBoxOff");
						else
						    PlaySound("igMainMenuOptionCheckBoxOn");
						end
						POSSESSIONS_Sort_Name = this:GetChecked();
						
						if(POSSESSIONS_Sort_Name == 1) then
							POSSESSIONS_Sort_Rarity = 0;
						else
						   POSSESSIONS_Sort_Rarity = 1;
						end

						POSSESSIONS_CHK_SortRarity:SetChecked(POSSESSIONS_Sort_Rarity);
						Possessions_Update();
					    </OnClick>
				</Scripts>
				<NormalTexture file="Interface\Buttons\UI-CheckBox-Up"/>
				<PushedTexture file="Interface\Buttons\UI-CheckBox-Down"/>
				<HighlightTexture file="Interface\Buttons\UI-CheckBox-Highlight" alphaMode="ADD"/>
				<CheckedTexture file="Interface\Buttons\UI-CheckBox-Check"/>
				<DisabledCheckedTexture file="Interface\Buttons\UI-CheckBox-Check-Disabled"/>
			</CheckButton>
			<CheckButton name="POSSESSIONS_CHK_SortRarity" virtual="true">
				<Size>
					<AbsDimension x="20" y="20"/>
				</Size>
				<Anchors>
					<Anchor point="BOTTOMLEFT" relativeTo="Possessions_Frame">
						<Offset>
							<AbsDimension x="180" y="10"/>
						</Offset>
					</Anchor>
				</Anchors>
				<Layers>
					<Layer level="ARTWORK">
						<FontString name="POSSESSIONS_CHK_SortRarityText" inherits="GameFontHighlightSmall" text="POSSESSIONS_INV_HELP4">
							<Anchors>
								<Anchor point="RIGHT" relativePoint="LEFT">
									<Offset>
										<AbsDimension x="0" y="1"/>
									</Offset>
								</Anchor>
							</Anchors>
						</FontString>
					</Layer>
				</Layers>
				<Scripts>
					<OnLoad>
						POSSESSIONS_Sort_Rarity = 0;
						POSSESSIONS_CHK_SortRarity:SetChecked(POSSESSIONS_Sort_Rarity);
					    </OnLoad>
					<OnClick>
						if (this:GetChecked()) then
						    PlaySound("igMainMenuOptionCheckBoxOff");
						else
						    PlaySound("igMainMenuOptionCheckBoxOn");
						end
						POSSESSIONS_Sort_Rarity = this:GetChecked();

						if(POSSESSIONS_Sort_Rarity == 1) then
							POSSESSIONS_Sort_Name = 0;
						else 
                           POSSESSIONS_Sort_Name = 1;
						end

						POSSESSIONS_CHK_SortName:SetChecked(POSSESSIONS_Sort_Name);
					
						Possessions_Update();
					 </OnClick>
				</Scripts>
				<NormalTexture file="Interface\Buttons\UI-CheckBox-Up"/>
				<PushedTexture file="Interface\Buttons\UI-CheckBox-Down"/>
				<HighlightTexture file="Interface\Buttons\UI-CheckBox-Highlight" alphaMode="ADD"/>
				<CheckedTexture file="Interface\Buttons\UI-CheckBox-Check"/>
				<DisabledCheckedTexture file="Interface\Buttons\UI-CheckBox-Check-Disabled"/>
			</CheckButton>
			<Button name="POSSESSIONS_MoneyField">
				<Anchors>
					<Anchor point="LEFT" relativeTo="POSSESSIONS_CHK_SortRarity" relativePoint="RIGHT">
						<Offset>
							<AbsDimension x="50" y="0"/>
						</Offset>
					</Anchor>
				</Anchors>
				<Scripts>
				   <OnEnter>
				 	  Possessions_ShowMoneyTooltip()
				   </OnEnter>
				   <OnLeave>
					   Possessions_HideMoneyTooltip()
				   </OnLeave>
				</Scripts>
				<Size>
					<AbsDimension x="70" y="20"/>
				</Size>
				<Layers>
					<Layer level="BACKGROUND">
						<FontString name="$parent_Text" inherits="GameFontHighlight" justifyH="LEFT">
							<Size>
								<AbsDimension x="100" y="25"/>
							</Size>
							<Anchors>
								<Anchor point="TOPLEFT">
									<Offset>
										<AbsDimension x="0" y="0"/>
									</Offset>
								</Anchor>
							</Anchors>
						</FontString>		
					</Layer>
				</Layers>		
			</Button>
			<Button name="POSSESSIONS_BrowseButton1" inherits="Possessions_BrowseButtonTemplate" id="1">
				<Anchors>
					<Anchor point="TOPLEFT">
						<Offset>
							<AbsDimension x="15" y="-85"/>
						</Offset>
					</Anchor>
				</Anchors>
			</Button>
			<Button name="POSSESSIONS_BrowseButton2" inherits="Possessions_BrowseButtonTemplate" id="2">
				<Anchors>
					<Anchor point="TOPLEFT" relativeTo="POSSESSIONS_BrowseButton1" relativePoint="BOTTOMLEFT">
						<Offset>
							<AbsDimension x="0" y="0"/>
						</Offset>
					</Anchor>
				</Anchors>
			</Button>
			<Button name="POSSESSIONS_BrowseButton3" inherits="Possessions_BrowseButtonTemplate" id="3">
				<Anchors>
					<Anchor point="TOPLEFT" relativeTo="POSSESSIONS_BrowseButton2" relativePoint="BOTTOMLEFT">
						<Offset>
							<AbsDimension x="0" y="0"/>
						</Offset>
					</Anchor>
				</Anchors>
			</Button>
			<Button name="POSSESSIONS_BrowseButton4" inherits="Possessions_BrowseButtonTemplate" id="4">
				<Anchors>
					<Anchor point="TOPLEFT" relativeTo="POSSESSIONS_BrowseButton3" relativePoint="BOTTOMLEFT">
						<Offset>
							<AbsDimension x="0" y="0"/>
						</Offset>
					</Anchor>
				</Anchors>
			</Button>
			<Button name="POSSESSIONS_BrowseButton5" inherits="Possessions_BrowseButtonTemplate" id="5">
				<Anchors>
					<Anchor point="TOPLEFT" relativeTo="POSSESSIONS_BrowseButton4" relativePoint="BOTTOMLEFT">
						<Offset>
							<AbsDimension x="0" y="0"/>
						</Offset>
					</Anchor>
				</Anchors>
			</Button>
			<Button name="POSSESSIONS_BrowseButton6" inherits="Possessions_BrowseButtonTemplate" id="6">
				<Anchors>
					<Anchor point="TOPLEFT" relativeTo="POSSESSIONS_BrowseButton5" relativePoint="BOTTOMLEFT">
						<Offset>
							<AbsDimension x="0" y="0"/>
						</Offset>
					</Anchor>
				</Anchors>
			</Button>
			<Button name="POSSESSIONS_BrowseButton7" inherits="Possessions_BrowseButtonTemplate" id="7">
				<Anchors>
					<Anchor point="TOPLEFT" relativeTo="POSSESSIONS_BrowseButton6" relativePoint="BOTTOMLEFT">
						<Offset>
							<AbsDimension x="0" y="0"/>
						</Offset>
					</Anchor>
				</Anchors>
			</Button>
			<Button name="POSSESSIONS_BrowseButton8" inherits="Possessions_BrowseButtonTemplate" id="8">
				<Anchors>
					<Anchor point="TOPLEFT" relativeTo="POSSESSIONS_BrowseButton7" relativePoint="BOTTOMLEFT">
						<Offset>
							<AbsDimension x="0" y="0"/>
						</Offset>
					</Anchor>
				</Anchors>
			</Button>
			<Button name="POSSESSIONS_BrowseButton9" inherits="Possessions_BrowseButtonTemplate" id="9">
				<Anchors>
					<Anchor point="TOPLEFT" relativeTo="POSSESSIONS_BrowseButton8" relativePoint="BOTTOMLEFT">
						<Offset>
							<AbsDimension x="0" y="0"/>
						</Offset>
					</Anchor>
				</Anchors>
			</Button>
			<Button name="POSSESSIONS_BrowseButton10" inherits="Possessions_BrowseButtonTemplate" id="10">
				<Anchors>
					<Anchor point="TOPLEFT" relativeTo="POSSESSIONS_BrowseButton9" relativePoint="BOTTOMLEFT">
						<Offset>
							<AbsDimension x="0" y="0"/>
						</Offset>
					</Anchor>
				</Anchors>
			</Button>
			<Button name="POSSESSIONS_BrowseButton11" inherits="Possessions_BrowseButtonTemplate" id="11">
				<Anchors>
					<Anchor point="TOPLEFT" relativeTo="POSSESSIONS_BrowseButton10" relativePoint="BOTTOMLEFT">
						<Offset>
							<AbsDimension x="0" y="0"/>
						</Offset>
					</Anchor>
				</Anchors>
			</Button>
			<Button name="POSSESSIONS_BrowseButton12" inherits="Possessions_BrowseButtonTemplate" id="12">
				<Anchors>
					<Anchor point="TOPLEFT" relativeTo="POSSESSIONS_BrowseButton11" relativePoint="BOTTOMLEFT">
						<Offset>
							<AbsDimension x="0" y="0"/>
						</Offset>
					</Anchor>
				</Anchors>
			</Button>
			<Button name="POSSESSIONS_BrowseButton13" inherits="Possessions_BrowseButtonTemplate" id="13">
				<Anchors>
					<Anchor point="TOPLEFT" relativeTo="POSSESSIONS_BrowseButton12" relativePoint="BOTTOMLEFT">
						<Offset>
							<AbsDimension x="0" y="0"/>
						</Offset>
					</Anchor>
				</Anchors>
			</Button>
			<Button name="POSSESSIONS_BrowseButton14" inherits="Possessions_BrowseButtonTemplate" id="14">
				<Anchors>
					<Anchor point="TOPLEFT" relativeTo="POSSESSIONS_BrowseButton13" relativePoint="BOTTOMLEFT">
						<Offset>
							<AbsDimension x="0" y="0"/>
						</Offset>
					</Anchor>
				</Anchors>
			</Button>
			<Button name="POSSESSIONS_BrowseButton15" inherits="Possessions_BrowseButtonTemplate" id="15">
				<Anchors>
					<Anchor point="TOPLEFT" relativeTo="POSSESSIONS_BrowseButton14" relativePoint="BOTTOMLEFT">
						<Offset>
							<AbsDimension x="0" y="0"/>
						</Offset>
					</Anchor>
				</Anchors>
			</Button>
			<ScrollFrame name="Possessions_IC_ScrollFrame" inherits="FauxScrollFrameTemplate">
				<Size>
					<AbsDimension x="296" y="384"/>
				</Size>
				<Anchors>
					<Anchor point="TOPLEFT" relativeTo="Possessions_Frame">
						<Offset>
							<AbsDimension x="80" y="-90"/>
						</Offset>
					</Anchor>
				</Anchors>
				<Layers>
					<Layer level="ARTWORK">
						<Texture name="$parentScrollBarTop" file="Interface\PaperDollInfoFrame\UI-Character-ScrollBar">
							<Size>
								<AbsDimension x="31" y="256"/>
							</Size>
							<Anchors>
								<Anchor point="TOP" relativePoint="TOPRIGHT">
									<Offset>
										<AbsDimension x="14" y="5"/>
									</Offset>
								</Anchor>
							</Anchors>
							<TexCoords left="0" right="0.484375" top="0" bottom="1.0"/>
						</Texture>
						<Texture file="Interface\PaperDollInfoFrame\UI-Character-ScrollBar">
							<Size>
								<AbsDimension x="31" y="146"/>
							</Size>
							<Anchors>
								<Anchor point="BOTTOM" relativePoint="BOTTOMRIGHT">
									<Offset>
										<AbsDimension x="14" y="-10"/>
									</Offset>
								</Anchor>
							</Anchors>
							<TexCoords left="0.515625" right="1.0" top="0" bottom="0.4140625"/>
						</Texture>
					</Layer>
				</Layers>
				<Scripts>
					<OnVerticalScroll>
								FauxScrollFrame_OnVerticalScroll(16, Possessions_UpdateView);
					</OnVerticalScroll>
					<OnShow>Possessions_UpdateView()</OnShow>
				</Scripts>
			</ScrollFrame>
		</Frames>
		<Scripts>
			<OnLoad>Possessions_OnLoad();</OnLoad>
			<OnEvent>Possessions_OnEvent(event);</OnEvent>
			<OnHide>
					Possessions_OnHide();
				</OnHide>
			<OnMouseDown> this:StartMoving();  </OnMouseDown>
			<OnMouseUp>  this:StopMovingOrSizing(); </OnMouseUp>
			<OnDragStop> this:StopMovingOrSizing(); </OnDragStop>
		</Scripts>
	</Frame>
</Ui>
