<Ui xsi:schemaLocation="http://www.blizzard.com/wow/ui/">
<!--
	Version: 3.9.0.1056 (Kangaroo)
	Revision: $Id: AuctionFrameTransactions.xml 1007 2006-09-27 05:55:01Z vindicator $

	License:
		This program is free software; you can redistribute it and/or
		modify it under the terms of the GNU General Public License
		as published by the Free Software Foundation; either version 2
		of the License, or (at your option) any later version.

		This program is distributed in the hope that it will be useful,
		but WITHOUT ANY WARRANTY; without even the implied warranty of
		MERCHANTABILITY or FITNESS FOR A PARTICULAR PURPOSE.  See the
		GNU General Public License for more details.

		You should have received a copy of the GNU General Public License
		along with this program(see GPL.txt); if not, write to the Free Software
		Foundation, Inc., 51 Franklin Street, Fifth Floor, Boston, MA  02110-1301, USA.
-->
	<Script file="AuctionFrameTransactions.lua"/>

	<Frame name="TransactionsSearchTemplate" virtual="true">
		<Anchors>
			<Anchor point="TOPLEFT">
				<Offset>
					<AbsDimension x="27" y="-150"/>
				</Offset>
			</Anchor>
		</Anchors>
		<Size>
			<AbsDimension x="155" y="265"/>
		</Size>
	</Frame>

	<Frame name="AuctionFrameTransactions" inherits="AuctionFrameTemplate" hidden="true">
		<Layers>
			<Layer level="BACKGROUND">
				<FontString name="$parentTitle" inherits="GameFontNormal">
					<Anchors>
						<Anchor point="TOP">
							<Offset>
								<AbsDimension x="0" y="-18"/>
							</Offset>
						</Anchor>
					</Anchors>
				</FontString>
			</Layer>
			<Layer level="ARTWORK">
				<FontString name="$parentTabText" inherits="GameFontHighlightSmall">
					<Anchors>
						<Anchor point="TOP" relativePoint="TOPLEFT">
							<Offset>
								<AbsDimension x="85" y="-85"/>
							</Offset>
						</Anchor>
					</Anchors>
				</FontString>
			</Layer>
		</Layers>
		<Frames>
			<!-- Transaction Search Frame -->
			<Frame name="$parentSearch" inherits="TransactionsSearchTemplate">
				<Layers>
					<Layer level="ARTWORK">
						<FontString name="$parentSearchText" inherits="GameFontHighlightSmall">
							<Anchors>
								<Anchor point="TOPLEFT">
									<Offset>
										<AbsDimension x="0" y="0"/>
									</Offset>
								</Anchor>
							</Anchors>
						</FontString>
						<FontString name="$parentExactSearchText" inherits="GameFontNormalSmall">
							<Anchors>
								<Anchor point="TOPLEFT" relativeTo="$parentSearchText">
									<Offset>
										<AbsDimension x="25" y="-34"/>
									</Offset>
								</Anchor>
							</Anchors>
						</FontString>
						<FontString name="$parentTransactionsText" inherits="GameFontHighlightSmall">
							<Anchors>
								<Anchor point="TOPLEFT" relativeTo="$parentSearchText">
									<Offset>
										<AbsDimension x="0" y="-55"/>
									</Offset>
								</Anchor>
							</Anchors>
						</FontString>
						<FontString name="$parentBidText" inherits="GameFontNormalSmall">
							<Anchors>
								<Anchor point="TOPLEFT" relativeTo="$parentTransactionsText">
									<Offset>
										<AbsDimension x="20" y="-16"/>
									</Offset>
								</Anchor>
							</Anchors>
						</FontString>
						<FontString name="$parentBuyText" inherits="GameFontNormalSmall">
							<Anchors>
								<Anchor point="TOPLEFT" relativeTo="$parentBidText">
									<Offset>
										<AbsDimension x="0" y="-16"/>
									</Offset>
								</Anchor>
							</Anchors>
						</FontString>
						<FontString name="$parentAuctionText" inherits="GameFontNormalSmall">
							<Anchors>
								<Anchor point="TOPLEFT" relativeTo="$parentBuyText">
									<Offset>
										<AbsDimension x="0" y="-16"/>
									</Offset>
								</Anchor>
							</Anchors>
						</FontString>
						<FontString name="$parentSellText" inherits="GameFontNormalSmall">
							<Anchors>
								<Anchor point="TOPLEFT" relativeTo="$parentAuctionText">
									<Offset>
										<AbsDimension x="0" y="-16"/>
									</Offset>
								</Anchor>
							</Anchors>
						</FontString>
					</Layer>
				</Layers>
				<Frames>
					<EditBox name="$parentSearchEdit" autoFocus="false" inherits="InputBoxTemplate">
						<Size>
							<AbsDimension x="140" y="16"/>
						</Size>
						<Anchors>
							<Anchor point="TOPLEFT" relativeTo="$parentSearchText" relativePoint="BOTTOMLEFT">
								<Offset>
									<AbsDimension x="5" y="-4"/>
								</Offset>
							</Anchor>
						</Anchors>
						<Scripts>
							<OnTabPressed>
							</OnTabPressed>
							<OnEnterPressed>
								AuctionFrameSearchTransactions_SearchButton_OnClick(this);
							</OnEnterPressed>
						</Scripts>
					</EditBox>
					<CheckButton name="$parentExactSearchCheckBox">
						<Size>
							<AbsDimension x="20" y="20"/>
						</Size>
						<Anchors>
							<Anchor point="TOPRIGHT" relativeTo="$parentExactSearchText" relativePoint="TOPLEFT">
								<Offset>
									<AbsDimension x="0" y="3"/>
								</Offset>
							</Anchor>
						</Anchors>
						<NormalTexture file="Interface\Buttons\UI-CheckBox-Up"/>
						<PushedTexture file="Interface\Buttons\UI-CheckBox-Down"/>
						<HighlightTexture file="Interface\Buttons\UI-CheckBox-Highlight" alphaMode="ADD"/>
						<CheckedTexture file="Interface\Buttons\UI-CheckBox-Check"/>
						<DisabledCheckedTexture file="Interface\Buttons\UI-CheckBox-Check-Disabled"/>
					</CheckButton>
					<CheckButton name="$parentBidCheckBox" checked="true">
						<Size>
							<AbsDimension x="20" y="20"/>
						</Size>
						<Anchors>
							<Anchor point="TOPRIGHT" relativeTo="$parentBidText" relativePoint="TOPLEFT">
								<Offset>
									<AbsDimension x="0" y="3"/>
								</Offset>
							</Anchor>
						</Anchors>
						<NormalTexture file="Interface\Buttons\UI-CheckBox-Up"/>
						<PushedTexture file="Interface\Buttons\UI-CheckBox-Down"/>
						<HighlightTexture file="Interface\Buttons\UI-CheckBox-Highlight" alphaMode="ADD"/>
						<CheckedTexture file="Interface\Buttons\UI-CheckBox-Check"/>
						<DisabledCheckedTexture file="Interface\Buttons\UI-CheckBox-Check-Disabled"/>
					</CheckButton>
					<CheckButton name="$parentBuyCheckBox" checked="true">
						<Size>
							<AbsDimension x="20" y="20"/>
						</Size>
						<Anchors>
							<Anchor point="TOPRIGHT" relativeTo="$parentBuyText" relativePoint="TOPLEFT">
								<Offset>
									<AbsDimension x="0" y="3"/>
								</Offset>
							</Anchor>
						</Anchors>
						<NormalTexture file="Interface\Buttons\UI-CheckBox-Up"/>
						<PushedTexture file="Interface\Buttons\UI-CheckBox-Down"/>
						<HighlightTexture file="Interface\Buttons\UI-CheckBox-Highlight" alphaMode="ADD"/>
						<CheckedTexture file="Interface\Buttons\UI-CheckBox-Check"/>
						<DisabledCheckedTexture file="Interface\Buttons\UI-CheckBox-Check-Disabled"/>
					</CheckButton>
					<CheckButton name="$parentAuctionCheckBox" checked="true">
						<Size>
							<AbsDimension x="20" y="20"/>
						</Size>
						<Anchors>
							<Anchor point="TOPRIGHT" relativeTo="$parentAuctionText" relativePoint="TOPLEFT">
								<Offset>
									<AbsDimension x="0" y="3"/>
								</Offset>
							</Anchor>
						</Anchors>
						<NormalTexture file="Interface\Buttons\UI-CheckBox-Up"/>
						<PushedTexture file="Interface\Buttons\UI-CheckBox-Down"/>
						<HighlightTexture file="Interface\Buttons\UI-CheckBox-Highlight" alphaMode="ADD"/>
						<CheckedTexture file="Interface\Buttons\UI-CheckBox-Check"/>
						<DisabledCheckedTexture file="Interface\Buttons\UI-CheckBox-Check-Disabled"/>
					</CheckButton>
					<CheckButton name="$parentSellCheckBox" checked="true">
						<Size>
							<AbsDimension x="20" y="20"/>
						</Size>
						<Anchors>
							<Anchor point="TOPRIGHT" relativeTo="$parentSellText" relativePoint="TOPLEFT">
								<Offset>
									<AbsDimension x="0" y="3"/>
								</Offset>
							</Anchor>
						</Anchors>
						<NormalTexture file="Interface\Buttons\UI-CheckBox-Up"/>
						<PushedTexture file="Interface\Buttons\UI-CheckBox-Down"/>
						<HighlightTexture file="Interface\Buttons\UI-CheckBox-Highlight" alphaMode="ADD"/>
						<CheckedTexture file="Interface\Buttons\UI-CheckBox-Check"/>
						<DisabledCheckedTexture file="Interface\Buttons\UI-CheckBox-Check-Disabled"/>
					</CheckButton>
					<Button name="$parentSearchButton" inherits="UIPanelButtonTemplate">
						<Size>
							<AbsDimension x="120" y="22"/>
						</Size>
						<Anchors>
							<Anchor point="BOTTOMLEFT" relativePoint="BOTTOMLEFT">
								<Offset>
									<AbsDimension x="13" y="10"/>
								</Offset>
							</Anchor>
						</Anchors>
						<Scripts>
							<OnClick>
								AuctionFrameSearchTransactions_SearchButton_OnClick(this);
							</OnClick>
						</Scripts>
					</Button>
				</Frames>
				<Scripts>
					<OnLoad>
						getglobal(this:GetName().."SearchText"):SetText(_BC('UiSearchForLabel'));
						getglobal(this:GetName().."ExactSearchText"):SetText(_BC('UiExactNameSearch'));
						getglobal(this:GetName().."TransactionsText"):SetText(_BC('UiTransactionsLabel'));
						getglobal(this:GetName().."BidText"):SetText(_BC('UiBids'));
						getglobal(this:GetName().."BuyText"):SetText(_BC('UiPurchases'));
						getglobal(this:GetName().."AuctionText"):SetText(_BC('UiAuctions'));
						getglobal(this:GetName().."SellText"):SetText(_BC('UiSales'));
						getglobal(this:GetName().."SearchButton"):SetText(_BC('UiSearch'));
					</OnLoad>
				</Scripts>
			</Frame>

			<!-- Search Results List -->
			<Frame name="$parentList" inherits="ListTemplate">
				<Anchors>
					<Anchor point="TOPLEFT">
						<Offset>
							<AbsDimension x="187" y="-77"/>
						</Offset>
					</Anchor>
				</Anchors>
				<Size>
					<AbsDimension x="610" y="334"/>
				</Size>
				<Frames>
					<Button name="$parentItem1" inherits="ListItemTemplate" id="1">
						<Anchors>
							<Anchor point="TOPLEFT" relativeTo="$parentColumn1Sort" relativePoint="BOTTOMLEFT">
								<Offset>
									<AbsDimension x="4" y="-4"/>
								</Offset>
							</Anchor>
						</Anchors>
					</Button>
					<Button name="$parentItem2" inherits="ListItemTemplate" id="2">
						<Anchors>
							<Anchor point="TOPLEFT" relativeTo="$parentItem1" relativePoint="BOTTOMLEFT">
								<Offset>
									<AbsDimension x="0" y="0"/>
								</Offset>
							</Anchor>
						</Anchors>
					</Button>
					<Button name="$parentItem3" inherits="ListItemTemplate" id="3">
						<Anchors>
							<Anchor point="TOPLEFT" relativeTo="$parentItem2" relativePoint="BOTTOMLEFT">
								<Offset>
									<AbsDimension x="0" y="0"/>
								</Offset>
							</Anchor>
						</Anchors>
					</Button>
					<Button name="$parentItem4" inherits="ListItemTemplate" id="4">
						<Anchors>
							<Anchor point="TOPLEFT" relativeTo="$parentItem3" relativePoint="BOTTOMLEFT">
								<Offset>
									<AbsDimension x="0" y="0"/>
								</Offset>
							</Anchor>
						</Anchors>
					</Button>
					<Button name="$parentItem5" inherits="ListItemTemplate" id="5">
						<Anchors>
							<Anchor point="TOPLEFT" relativeTo="$parentItem4" relativePoint="BOTTOMLEFT">
								<Offset>
									<AbsDimension x="0" y="0"/>
								</Offset>
							</Anchor>
						</Anchors>
					</Button>
					<Button name="$parentItem6" inherits="ListItemTemplate" id="6">
						<Anchors>
							<Anchor point="TOPLEFT" relativeTo="$parentItem5" relativePoint="BOTTOMLEFT">
								<Offset>
									<AbsDimension x="0" y="0"/>
								</Offset>
							</Anchor>
						</Anchors>
					</Button>
					<Button name="$parentItem7" inherits="ListItemTemplate" id="7">
						<Anchors>
							<Anchor point="TOPLEFT" relativeTo="$parentItem6" relativePoint="BOTTOMLEFT">
								<Offset>
									<AbsDimension x="0" y="0"/>
								</Offset>
							</Anchor>
						</Anchors>
					</Button>
					<Button name="$parentItem8" inherits="ListItemTemplate" id="8">
						<Anchors>
							<Anchor point="TOPLEFT" relativeTo="$parentItem7" relativePoint="BOTTOMLEFT">
								<Offset>
									<AbsDimension x="0" y="0"/>
								</Offset>
							</Anchor>
						</Anchors>
					</Button>
					<Button name="$parentItem9" inherits="ListItemTemplate" id="9">
						<Anchors>
							<Anchor point="TOPLEFT" relativeTo="$parentItem8" relativePoint="BOTTOMLEFT">
								<Offset>
									<AbsDimension x="0" y="0"/>
								</Offset>
							</Anchor>
						</Anchors>
					</Button>
					<Button name="$parentItem10" inherits="ListItemTemplate" id="10">
						<Anchors>
							<Anchor point="TOPLEFT" relativeTo="$parentItem9" relativePoint="BOTTOMLEFT">
								<Offset>
									<AbsDimension x="0" y="0"/>
								</Offset>
							</Anchor>
						</Anchors>
					</Button>
					<Button name="$parentItem11" inherits="ListItemTemplate" id="11">
						<Anchors>
							<Anchor point="TOPLEFT" relativeTo="$parentItem10" relativePoint="BOTTOMLEFT">
								<Offset>
									<AbsDimension x="0" y="0"/>
								</Offset>
							</Anchor>
						</Anchors>
					</Button>
					<Button name="$parentItem12" inherits="ListItemTemplate" id="12">
						<Anchors>
							<Anchor point="TOPLEFT" relativeTo="$parentItem11" relativePoint="BOTTOMLEFT">
								<Offset>
									<AbsDimension x="0" y="0"/>
								</Offset>
							</Anchor>
						</Anchors>
					</Button>
					<Button name="$parentItem13" inherits="ListItemTemplate" id="13">
						<Anchors>
							<Anchor point="TOPLEFT" relativeTo="$parentItem12" relativePoint="BOTTOMLEFT">
								<Offset>
									<AbsDimension x="0" y="0"/>
								</Offset>
							</Anchor>
						</Anchors>
					</Button>
					<Button name="$parentItem14" inherits="ListItemTemplate" id="14">
						<Anchors>
							<Anchor point="TOPLEFT" relativeTo="$parentItem13" relativePoint="BOTTOMLEFT">
								<Offset>
									<AbsDimension x="0" y="0"/>
								</Offset>
							</Anchor>
						</Anchors>
					</Button>
					<Button name="$parentItem15" inherits="ListItemTemplate" id="15">
						<Anchors>
							<Anchor point="TOPLEFT" relativeTo="$parentItem14" relativePoint="BOTTOMLEFT">
								<Offset>
									<AbsDimension x="0" y="0"/>
								</Offset>
							</Anchor>
						</Anchors>
					</Button>
					<Button name="$parentItem16" inherits="ListItemTemplate" id="16">
						<Anchors>
							<Anchor point="TOPLEFT" relativeTo="$parentItem15" relativePoint="BOTTOMLEFT">
								<Offset>
									<AbsDimension x="0" y="0"/>
								</Offset>
							</Anchor>
						</Anchors>
					</Button>
					<Button name="$parentItem17" inherits="ListItemTemplate" id="17">
						<Anchors>
							<Anchor point="TOPLEFT" relativeTo="$parentItem16" relativePoint="BOTTOMLEFT">
								<Offset>
									<AbsDimension x="0" y="0"/>
								</Offset>
							</Anchor>
						</Anchors>
					</Button>
					<Button name="$parentItem18" inherits="ListItemTemplate" id="18">
						<Anchors>
							<Anchor point="TOPLEFT" relativeTo="$parentItem17" relativePoint="BOTTOMLEFT">
								<Offset>
									<AbsDimension x="0" y="0"/>
								</Offset>
							</Anchor>
						</Anchors>
					</Button>
					<Button name="$parentItem19" inherits="ListItemTemplate" id="19">
						<Anchors>
							<Anchor point="TOPLEFT" relativeTo="$parentItem18" relativePoint="BOTTOMLEFT">
								<Offset>
									<AbsDimension x="0" y="0"/>
								</Offset>
							</Anchor>
						</Anchors>
					</Button>
				</Frames>
			</Frame>
		</Frames>
		<Scripts>
			<OnLoad>
				getglobal(this:GetName().."Title"):SetText(_BC('UiTransactions'));
				getglobal(this:GetName().."TabText"):SetText(_BC('UiSearch'));
				AuctionFrameTransactions_OnLoad();
			</OnLoad>
		</Scripts>
	</Frame>

	<Button name="AuctionFrameTabTransactions" inherits="AuctionTabTemplate" hidden="true">
		<Scripts>
			<OnLoad>
				this:SetText(_BC('UiTransactions'));
			</OnLoad>
		</Scripts>
	</Button>
</Ui>
