<Ui xmlns="http://www.blizzard.com/wow/ui/" xmlns:xsi="http://www.w3.org/2001/XMLSchema-instance" xsi:schemaLocation="http://www.blizzard.com/wow/ui/
..\FrameXML\UI.xsd">
  <Script file="ProfessionLevel.lua"/>
	<Frame name="ProfessionLevelTooltip" parent="GameTooltip" hidden="false">
		<Scripts>
			<OnShow>
				ProfessionLevel_OnShow();
			</OnShow>
		</Scripts>
	</Frame>
	<Frame name="ProfessionLevelItemRefTooltip" parent="ItemRefTooltip" hidden="false">
		<Scripts>
			<OnShow>
				ProfessionLevel_OnShow();
			</OnShow>
		</Scripts>
	</Frame>
</Ui>